grade,domain,skill_group,lesson_title,activity_variant,Student A,Student B,title_aggregate_Student A,title_aggregate_Student B
Preschool (Age 2): ELA,Reading Foundational Skills,Print Concepts: Parts of a Book,Title & Author,Main,,83%,,83%
Preschool (Age 2): ELA,Reading Foundational Skills,Print Concepts: Parts of a Book,Title & Author,Practice 1,,67%,,83%
Preschool (Age 2): ELA,Reading Foundational Skills,Print Concepts: Parts of a Book,Title & Author,Practice 2,,83%,,83%
Preschool (Age 2): ELA,Reading Foundational Skills,Print Concepts: Parts of a Book,Title & Author,Basic,,100%,,83%
Preschool (Age 2): ELA,Reading Foundational Skills,Print Concepts: Parts of a Book,Book Pages,Main,,88%,,88%
Preschool (Age 2): ELA,Reading Foundational Skills,Print Concepts: Parts of a Book,Book Pages,Practice 1,,88%,,88%
Preschool (Age 2): ELA,Reading Foundational Skills,Print Concepts: Parts of a Book,Book Pages,Practice 2,,67%,,88%
Preschool (Age 2): ELA,Reading Foundational Skills,Print Concepts: Parts of a Book,Book Pages,Basic,,,,88%
Preschool (Age 2): ELA,Reading Foundational Skills,Print Concepts: Words,Words on Signs 1,Main,,100%,,100%
Preschool (Age 2): ELA,Reading Foundational Skills,Print Concepts: Words,Words on Signs 1,Practice 1,,,,100%
Preschool (Age 2): ELA,Reading Foundational Skills,Print Concepts: Words,Words on Signs 1,Practice 2,,,,100%
Preschool (Age 2): ELA,Reading Foundational Skills,Print Concepts: Words,Words on Signs 2,Main,,100%,,100%
Preschool (Age 2): ELA,Reading Foundational Skills,Print Concepts: Words,Words on Signs 2,Practice 1,,,,100%
Preschool (Age 2): ELA,Reading Foundational Skills,Print Concepts: Words,Words on Signs 2,Practice 2,,,,100%
Preschool (Age 2): ELA,Reading Foundational Skills,Phonological Awareness: Rhyming,Rhyming,Main,,93%,,93%
Preschool (Age 2): ELA,Reading Foundational Skills,Phonological Awareness: Rhyming,Rhyming,Practice 1,,100%,,93%
Preschool (Age 2): ELA,Reading Foundational Skills,Phonological Awareness: Rhyming,Rhyming,Practice 2,,,,93%
Preschool (Age 2): ELA,Reading Foundational Skills,Phonological Awareness: Rhyming,Rhyming,Basic,,,,93%
Preschool (Age 2): ELA,Reading Foundational Skills,Phonics: Letters & Sounds,Letter A,Direct,Viewed,Viewed,Viewed,Viewed
Preschool (Age 2): ELA,Reading Foundational Skills,Phonics: Letters & Sounds,Letter B,Direct,Viewed,Viewed,Viewed,Viewed
Preschool (Age 2): ELA,Reading Foundational Skills,Phonics: Letters & Sounds,Letter C,Direct,Viewed,Viewed,Viewed,Viewed
Preschool (Age 2): ELA,Reading Foundational Skills,Phonics: Letters & Sounds,Letter D,Direct,Viewed,Viewed,Viewed,Viewed
Preschool (Age 2): ELA,Reading Foundational Skills,Phonics: Letters & Sounds,Letter E,Direct,,Viewed,,Viewed
Preschool (Age 2): ELA,Reading Foundational Skills,Phonics: Letters & Sounds,Letter F,Direct,,Viewed,,Viewed
Preschool (Age 2): ELA,Reading Foundational Skills,Phonics: Letters & Sounds,Letter G,Direct,,Viewed,,Viewed
Preschool (Age 2): ELA,Reading Foundational Skills,Phonics: Letters & Sounds,Letter H,Direct,,Viewed,,Viewed
Preschool (Age 2): ELA,Reading Foundational Skills,Phonics: Letters & Sounds,Letter I,Direct,,Viewed,,Viewed
Preschool (Age 2): ELA,Reading Foundational Skills,Phonics: Letters & Sounds,Letter J,Direct,,Viewed,,Viewed
Preschool (Age 2): ELA,Reading Foundational Skills,Phonics: Letters & Sounds,Letter K,Direct,,Viewed,,Viewed
Preschool (Age 2): ELA,Reading Foundational Skills,Phonics: Letters & Sounds,Letter L,Direct,,Viewed,,Viewed
Preschool (Age 2): ELA,Reading Foundational Skills,Phonics: Letters & Sounds,Letter M,Direct,,Viewed,,Viewed
Preschool (Age 2): ELA,Reading Foundational Skills,Phonics: Letters & Sounds,Letter N,Direct,,Viewed,,Viewed
Preschool (Age 2): ELA,Reading Foundational Skills,Phonics: Letters & Sounds,Letter O,Direct,,Viewed,,Viewed
Preschool (Age 2): ELA,Reading Foundational Skills,Phonics: Letters & Sounds,Letter P,Direct,,Viewed,,Viewed
Preschool (Age 2): ELA,Reading Foundational Skills,Phonics: Letters & Sounds,Letter Q,Direct,,Viewed,,Viewed
Preschool (Age 2): ELA,Reading Foundational Skills,Phonics: Letters & Sounds,Letter R,Direct,,Viewed,,Viewed
Preschool (Age 2): ELA,Reading Foundational Skills,Phonics: Letters & Sounds,Letter S,Direct,,Viewed,,Viewed
Preschool (Age 2): ELA,Reading Foundational Skills,Phonics: Letters & Sounds,Letter T,Direct,,Viewed,,Viewed
Preschool (Age 2): ELA,Reading Foundational Skills,Phonics: Letters & Sounds,Letter U,Direct,,Viewed,,Viewed
Preschool (Age 2): ELA,Reading Foundational Skills,Phonics: Letters & Sounds,Letter V,Direct,,Viewed,,Viewed
Preschool (Age 2): ELA,Reading Foundational Skills,Phonics: Letters & Sounds,Letter W,Direct,,Viewed,,Viewed
Preschool (Age 2): ELA,Reading Foundational Skills,Phonics: Letters & Sounds,Letter X,Direct,,Viewed,,Viewed
Preschool (Age 2): ELA,Reading Foundational Skills,Phonics: Letters & Sounds,Letter Y,Direct,,Viewed,,Viewed
Preschool (Age 2): ELA,Reading Foundational Skills,Phonics: Letters & Sounds,Letter Z,Direct,,Viewed,,Viewed
Preschool (Age 2): ELA,Writing,"Writing Lines, Shapes",Draw Lines,Direct,,Viewed,,Viewed
Preschool (Age 2): ELA,Writing,"Writing Lines, Shapes",Horizontal Lines,Direct,,Viewed,,Viewed
Preschool (Age 2): ELA,Writing,"Writing Lines, Shapes",Draw a Circle 1,Direct,,Viewed,,Viewed
Preschool (Age 2): ELA,Writing,"Writing Lines, Shapes",More Lines,Direct,,Viewed,,Viewed
Preschool (Age 2): ELA,Writing,"Writing Lines, Shapes",Draw a Circle 2,Direct,,Viewed,,Viewed
Preschool (Age 2): ELA,Language,Vocabulary & Objects,Animals,Main,,86%,,86%
Preschool (Age 2): ELA,Language,Vocabulary & Objects,Animals,Practice 1,,83%,,86%
Preschool (Age 2): ELA,Language,Vocabulary & Objects,Animals,Practice 2,,80%,,86%
Preschool (Age 2): ELA,Language,Vocabulary & Objects,Vehicles,Main,,58%,,58%
Preschool (Age 2): ELA,Language,Vocabulary & Objects,Vehicles,Practice 1,,100%,,58%
Preschool (Age 2): ELA,Language,Vocabulary & Objects,Vehicles,Practice 2,,,,58%
Preschool (Age 2): ELA,Language,Vocabulary & Objects,Food,Main,,88%,,88%
Preschool (Age 2): ELA,Language,Vocabulary & Objects,Food,Practice 1,,67%,,88%
Preschool (Age 2): ELA,Language,Vocabulary & Objects,Around the House,Direct,,100%,,100%
Preschool (Age 2): ELA,Language,Vocabulary & Objects,Animals & Colors,Main,,100%,,100%
Preschool (Age 2): ELA,Language,Vocabulary & Objects,Animals & Colors,Practice 1,,,,100%
Preschool (Age 2): ELA,Language,Vocabulary & Objects,Animals & Colors,Practice 2,,,,100%
Preschool (Age 2): ELA,Language,Vocabulary & Objects,Weather,Main,,78%,,100%
Preschool (Age 2): ELA,Language,Vocabulary & Objects,Weather,Practice 1,,58%,,100%
Preschool (Age 2): ELA,Language,Vocabulary & Objects,Weather,Practice 2,,100%,,100%
Preschool (Age 2): ELA,Language,Vocabulary & Objects,Fruit,Main,,100%,,100%
Preschool (Age 2): ELA,Language,Vocabulary & Objects,Fruit,Practice 1,,88%,,100%
Preschool (Age 2): ELA,Language,Vocabulary & Objects,Jungle Animals,Main,,88%,,86%
Preschool (Age 2): ELA,Language,Vocabulary & Objects,Jungle Animals,Practice 1,,86%,,86%
Preschool (Age 2): ELA,Language,Vocabulary & Objects,Jungle Animals,Practice 2,,81%,,86%
Preschool (Age 2): ELA,Language,Vocabulary & Objects,Kitchen,Direct,,100%,,100%
Preschool (Age 2): ELA,Language,Vocabulary & Objects,Outdoors,Main,,81%,,88%
Preschool (Age 2): ELA,Language,Opposites,Opposites 1,Direct,,Viewed,,Viewed
Preschool (Age 2): ELA,Language,Opposites,Opposites 2,Direct,,Viewed,,Viewed
Preschool (Age 2): ELA,Language,Opposites,Opposites 3,Direct,,Viewed,,Viewed
Preschool (Age 2): ELA,Reading Literature,Early Readers,Mud,Direct,,Viewed,,Viewed
Preschool (Age 2): ELA,Reading Literature,Early Readers,Sad Ollo,Direct,,Viewed,,Viewed
Preschool (Age 2): ELA,Reading Literature,Early Readers,The Big Bed,Direct,,Viewed,,Viewed
Preschool (Age 2): ELA,Reading Literature,Early Readers,Reya's Bug,Direct,,Viewed,,Viewed
Preschool (Age 2): ELA,Reading Literature,Early Readers,What Is It?,Direct,,Viewed,,Viewed
Preschool (Age 2): ELA,Reading Literature,Early Readers,Jam in the Vat,Direct,,Viewed,,Viewed
Preschool (Age 2): ELA,Reading Literature,Early Readers,So Hot,Direct,,Viewed,,Viewed
Preschool (Age 2): ELA,Reading Literature,Early Readers,Hop Hop Hop,Direct,,Viewed,,Viewed
Preschool (Age 2): ELA,Reading Literature,Early Readers,The Cup Is Up,Direct,,Viewed,,Viewed
Preschool (Age 2): ELA,Reading Literature,Early Readers,Look at My Pen,Direct,,Viewed,,Viewed
Preschool (Age 2): ELA,Reading Literature,Early Readers,Look at It Go,Direct,,Viewed,,Viewed
Preschool (Age 2): ELA,Reading Literature,Early Readers,Come On,Direct,,Viewed,,Viewed
Preschool (Age 2): ELA,Reading Literature,Early Readers,Peck's Big Day,Direct,,Viewed,,Viewed
Preschool (Age 2): ELA,Reading Literature,Early Readers,Gum on the Rug,Direct,,Viewed,,Viewed
Preschool (Age 2): ELA,Reading Literature,Early Readers,Fun to Read,Direct,,Viewed,,Viewed
Preschool (Age 2): ELA,Reading Literature,Early Readers,The Big Fish,Direct,,Viewed,,Viewed
Preschool (Age 2): ELA,Reading Literature,Early Readers,The Box,Direct,,Viewed,,Viewed
Preschool (Age 2): ELA,Reading Literature,Early Readers,Race to the Lake,Direct,,Viewed,,Viewed
Preschool (Age 2): ELA,Reading Literature,Early Readers,A Nice Day,Direct,,Viewed,,Viewed
Preschool (Age 2): ELA,Reading Literature,Early Readers,Ollo's Bike,Direct,,Viewed,,Viewed
Preschool (Age 2): ELA,Reading Literature,Early Readers,Peck Plays a Tune,Direct,,Viewed,,Viewed
Preschool (Age 2): ELA,Reading Literature,Stories,Play Ball,Direct,,Viewed,,Viewed
Preschool (Age 2): ELA,Reading Literature,Stories,Something New,Direct,,Viewed,,Viewed
Preschool (Age 2): ELA,Reading Literature,Stories,Why,Direct,,Viewed,,Viewed
Preschool (Age 2): ELA,Reading Literature,Stories,Being Together,Direct,,Viewed,,Viewed
Preschool (Age 2): ELA,Reading Literature,Stories,Cool Beans,Direct,,Viewed,,Viewed
Preschool (Age 2): ELA,Reading Literature,Alphabet Books,Astronaut and Ant,Direct,,Viewed,,Viewed
Preschool (Age 2): ELA,Reading Literature,Alphabet Books,What Baby Wants,Direct,,Viewed,,Viewed
Preschool (Age 2): ELA,Reading Literature,Alphabet Books,Who Ate the Cake?,Direct,,Viewed,,Viewed
Preschool (Age 2): ELA,Reading Literature,Alphabet Books,Behind the Door,Direct,,Viewed,,Viewed
Preschool (Age 2): ELA,Reading Literature,Alphabet Books,Elephants,Direct,,Viewed,,Viewed
Preschool (Age 2): ELA,Reading Literature,Alphabet Books,Frog and the Fly,Direct,,Viewed,,Viewed
Preschool (Age 2): ELA,Reading Literature,Alphabet Books,Grasshoppers,Direct,,Viewed,,Viewed
Preschool (Age 2): ELA,Reading Literature,Alphabet Books,"Hello, Friends!",Direct,,Viewed,,Viewed
Preschool (Age 2): ELA,Reading Literature,Alphabet Books,Into the Igloo,Direct,,Viewed,,Viewed
Preschool (Age 2): ELA,Reading Literature,Alphabet Books,J is for Jam,Direct,,Viewed,,Viewed
Preschool (Age 2): ELA,Reading Literature,Alphabet Books,Kitten and Kite,Direct,,Viewed,,Viewed
Preschool (Age 2): ELA,Reading Literature,Alphabet Books,Look in the Leaves,Direct,,Viewed,,Viewed
Preschool (Age 2): ELA,Reading Literature,Alphabet Books,Monkey and Mice,Direct,Viewed,Viewed,Viewed,Viewed
Preschool (Age 2): ELA,Reading Literature,Alphabet Books,Sandy's Nose,Direct,,Viewed,,Viewed
Preschool (Age 2): ELA,Reading Literature,Alphabet Books,Off the Rug,Direct,,Viewed,,Viewed
Preschool (Age 2): ELA,Reading Literature,Alphabet Books,Whose Paws?,Direct,,Viewed,,Viewed
Preschool (Age 2): ELA,Reading Literature,Alphabet Books,The Queen's Quilt,Direct,,Viewed,,Viewed
Preschool (Age 2): ELA,Reading Literature,Alphabet Books,Rabbits,Direct,,Viewed,,Viewed
Preschool (Age 2): ELA,Reading Literature,Alphabet Books,I'm a Spider,Direct,,Viewed,,Viewed
Preschool (Age 2): ELA,Reading Literature,Alphabet Books,The Truck Can Go,Direct,,Viewed,,Viewed
Preschool (Age 2): ELA,Reading Literature,Alphabet Books,Under the Umbrella,Direct,,Viewed,,Viewed
Preschool (Age 2): ELA,Reading Literature,Alphabet Books,Very Loud,Direct,,Viewed,,Viewed
Preschool (Age 2): ELA,Reading Literature,Alphabet Books,In the Water,Direct,,Viewed,,Viewed
Preschool (Age 2): ELA,Reading Literature,Alphabet Books,On the Box,Direct,,Viewed,,Viewed
Preschool (Age 2): ELA,Reading Literature,Alphabet Books,How Many Yaks?,Direct,,Viewed,,Viewed
Preschool (Age 2): ELA,Reading Literature,Alphabet Books,Zebra,Direct,,Viewed,,Viewed
Preschool (Age 2): ELA,Reading Informational Text,Non-Fiction: Animals,Baby Dogs,Direct,,Viewed,,Viewed
Preschool (Age 2): ELA,Reading Informational Text,Non-Fiction: Animals,Baby Horses,Direct,Viewed,Viewed,Viewed,Viewed
Preschool (Age 2): ELA,Reading Informational Text,Non-Fiction: Animals,Baby Tigers,Direct,,Viewed,,Viewed
Preschool (Age 2): ELA,Reading Informational Text,Non-Fiction: Animals,Baby Ducks,Direct,,Viewed,,Viewed
Preschool (Age 2): ELA,Reading Informational Text,Non-Fiction: Animals,Baby Pigs,Direct,,Viewed,,Viewed
Preschool (Age 2): ELA,Reading Informational Text,Non-Fiction: Animals,Baby Cheetahs,Direct,,Viewed,,Viewed
Preschool (Age 2): ELA,Reading Informational Text,Non-Fiction: Animals,Baby Cats,Direct,,Viewed,,Viewed
Preschool (Age 2): ELA,Reading Informational Text,Non-Fiction: Animals,Baby Pandas,Direct,,Viewed,,Viewed
Preschool (Age 2): ELA,Reading Informational Text,Non-Fiction: Animals,Baby Rabbits,Direct,,Viewed,,Viewed
Preschool (Age 2): ELA,Reading Informational Text,Non-Fiction: Animals,Baby Bears,Direct,,Viewed,,Viewed
Preschool (Age 2): ELA,Reading Informational Text,Non-Fiction: Animals,Baby Elephants,Direct,,Viewed,,Viewed
Preschool (Age 2): ELA,Reading Informational Text,Non-Fiction: Animals,Baby Koalas,Direct,,Viewed,,Viewed
Preschool (Age 2): ELA,Reading Informational Text,Non-Fiction: Animals,Salamanders,Direct,,Viewed,,Viewed
Preschool (Age 2): ELA,Reading Informational Text,Non-Fiction: Animals,Baby Giraffes,Direct,,Viewed,,Viewed
Preschool (Age 2): ELA,Reading Informational Text,Non-Fiction: Animals,Baby Hippos,Direct,,Viewed,,Viewed
Preschool (Age 2): ELA,Reading Informational Text,Non-Fiction: Animals,Baby Monkeys,Direct,,Viewed,,Viewed
Preschool (Age 2): ELA,Reading Informational Text,Non-Fiction: Animals,Baby Lions,Direct,,Viewed,,Viewed
Preschool (Age 2): ELA,Reading Informational Text,Non-Fiction: Animals,Baby Gorillas,Direct,,Viewed,,Viewed
Preschool (Age 2): ELA,Reading Informational Text,Non-Fiction: Animals,Bats,Direct,,Viewed,,Viewed
Preschool (Age 2): ELA,Reading Informational Text,Non-Fiction: Animals,Moose,Direct,,Viewed,,Viewed
Preschool (Age 2): ELA,Reading Informational Text,Non-Fiction: Animals,Baby Owls,Direct,,Viewed,,Viewed
Preschool (Age 2): ELA,Reading Informational Text,Non-Fiction: Animals,Red Pandas,Direct,,Viewed,,Viewed
Preschool (Age 2): ELA,Reading Informational Text,Non-Fiction: Animals,Peacocks,Direct,,Viewed,,Viewed
Preschool (Age 2): ELA,Reading Informational Text,Non-Fiction: Animals,Cockroaches,Direct,,Viewed,,Viewed
Preschool (Age 2): ELA,Reading Informational Text,Non-Fiction: Animals,Kangaroos,Direct,,Viewed,,Viewed
Preschool (Age 2): ELA,Reading Informational Text,Non-Fiction: Animals,Sea Otters,Direct,,Viewed,,Viewed
Preschool (Age 2): ELA,Reading Informational Text,Non-Fiction: Animals,Snakes,Direct,,Viewed,,Viewed
Preschool (Age 2): ELA,Reading Informational Text,Non-Fiction: Animals,Hummingbirds,Direct,,Viewed,,Viewed
Preschool (Age 2): ELA,Reading Informational Text,Non-Fiction: Animals,Baby Penguins,Direct,,Viewed,,Viewed
Preschool (Age 2): ELA,Reading Informational Text,Non-Fiction: Animals,Hedgehogs,Direct,,Viewed,,Viewed
Preschool (Age 2): ELA,Reading Informational Text,Non-Fiction: Animals,Tree Frogs,Direct,,Viewed,,Viewed
Preschool (Age 2): ELA,Reading Informational Text,Non-Fiction: Animals,Chameleons,Direct,,Viewed,,Viewed
Preschool (Age 2): ELA,Reading Informational Text,Non-Fiction: Animals,Spider Monkeys,Direct,,Viewed,,Viewed
Preschool (Age 2): ELA,Reading Informational Text,Non-Fiction: Animals,Flamingos,Direct,,Viewed,,Viewed
Preschool (Age 2): ELA,Reading Informational Text,Non-Fiction: Animals,Raccoons,Direct,,Viewed,,Viewed
Preschool (Age 2): ELA,Reading Informational Text,Non-Fiction: Animals,Wild Turkeys,Direct,,Viewed,,Viewed
Preschool (Age 2): ELA,Reading Informational Text,Non-Fiction: Animals,Butterflies,Direct,,Viewed,,Viewed
Preschool (Age 2): ELA,Reading Informational Text,Non-Fiction: Animals,Seal Pups,Direct,,Viewed,,Viewed
Preschool (Age 2): ELA,Reading Informational Text,Non-Fiction: Animals,Orangutans,Direct,,Viewed,,Viewed
Preschool (Age 2): ELA,Reading Informational Text,Non-Fiction: Animals,Toucans,Direct,,Viewed,,Viewed
Preschool (Age 2): ELA,Reading Informational Text,Non-Fiction: Animals,Polar Bears,Direct,,Viewed,,Viewed
Preschool (Age 2): ELA,Reading Informational Text,Non-Fiction: Animals,Weasels,Direct,,Viewed,,Viewed
Preschool (Age 2): ELA,Reading Informational Text,Non-Fiction: Animals,Baby Zebras,Direct,,Viewed,,Viewed
Preschool (Age 2): ELA,Reading Informational Text,Non-Fiction: Vehicles,Monster Cars,Direct,Viewed,Viewed,Viewed,Viewed
Preschool (Age 2): ELA,Reading Informational Text,Non-Fiction: Vehicles,Monster Trucks,Direct,,Viewed,,Viewed
Preschool (Age 2): ELA,Reading Informational Text,Non-Fiction: Vehicles,Monster Diggers,Direct,,Viewed,,Viewed
Preschool (Age 2): ELA,Reading Informational Text,Non-Fiction: Vehicles,Monster Trains,Direct,,Viewed,,Viewed
Preschool (Age 2): ELA,Reading Informational Text,Non-Fiction: Vehicles,Monster Dump Truck,Direct,,Viewed,,Viewed
Preschool (Age 2): ELA,Reading Informational Text,Non-Fiction: Vehicles,Monster Ships,Direct,,Viewed,,Viewed
Preschool (Age 2): ELA,Reading Informational Text,Non-Fiction: Vehicles,Monster Cranes,Direct,,Viewed,,Viewed
Preschool (Age 2): ELA,Reading Informational Text,National Geographic Young Explorer,Leaf Cutter Ants,Direct,,Viewed,,Viewed
Preschool (Age 2): ELA,Reading Informational Text,National Geographic Young Explorer,Seeds Grow,Direct,,Viewed,,Viewed
Preschool (Age 2): ELA,Reading Informational Text,National Geographic Young Explorer,Food for Fido,Direct,,Viewed,,Viewed
Preschool (Age 2): ELA,Reading Informational Text,National Geographic Young Explorer,Looking at Eggs,Direct,,Viewed,,Viewed
Preschool (Age 2): ELA,Reading Informational Text,National Geographic Young Explorer,Baby on Board,Direct,,Viewed,,Viewed
Preschool (Age 2): ELA,Reading Informational Text,National Geographic Young Explorer,Out at Night,Direct,,Viewed,,Viewed
Preschool (Age 2): ELA,Reading Informational Text,National Geographic Young Explorer,Animal Groups,Direct,,Viewed,,Viewed
Preschool (Age 2): ELA,Reading Informational Text,National Geographic Young Explorer,Walk with Camels,Direct,,Viewed,,Viewed
Preschool (Age 2): ELA,Reading Informational Text,National Geographic Young Explorer,Bird Beaks,Direct,,Viewed,,Viewed
Preschool (Age 2): ELA,Reading Informational Text,National Geographic Young Explorer,Beaver Builders,Direct,,Viewed,,Viewed
Preschool (Age 2): ELA,Reading Informational Text,National Geographic Young Explorer,Drip Drop,Direct,,Viewed,,Viewed
Preschool (Age 2): ELA,Reading Informational Text,National Geographic Young Explorer,On the Move,Direct,,Viewed,,Viewed
Preschool (Age 2): ELA,Reading Informational Text,National Geographic Young Explorer,Plants on My Plate,Direct,,Viewed,,Viewed
Preschool (Age 2): ELA,Reading Informational Text,National Geographic Young Explorer,Push Push Pull,Direct,,Viewed,,Viewed
Preschool (Age 3): ELA,Reading Foundational Skills,Print Concepts: Parts of a Book,Title & Author,Main,,57%,,57%
Preschool (Age 3): ELA,Reading Foundational Skills,Print Concepts: Parts of a Book,Title & Author,Practice 1,,,,57%
Preschool (Age 3): ELA,Reading Foundational Skills,Print Concepts: Parts of a Book,Title & Author,Practice 2,,,,57%
Preschool (Age 3): ELA,Reading Foundational Skills,Print Concepts: Parts of a Book,Title & Author,Basic,,,,57%
Preschool (Age 3): ELA,Reading Foundational Skills,Print Concepts: Parts of a Book,Book Pages,Main,,,,
Preschool (Age 3): ELA,Reading Foundational Skills,Print Concepts: Parts of a Book,Book Pages,Practice 1,,,,
Preschool (Age 3): ELA,Reading Foundational Skills,Print Concepts: Parts of a Book,Book Pages,Practice 2,,,,
Preschool (Age 3): ELA,Reading Foundational Skills,Print Concepts: Parts of a Book,Book Pages,Basic,,,,
Preschool (Age 3): ELA,Reading Foundational Skills,Print Concepts: Words,Words on Signs 1,Main,,93%,,93%
Preschool (Age 3): ELA,Reading Foundational Skills,Print Concepts: Words,Words on Signs 1,Practice 1,,,,93%
Preschool (Age 3): ELA,Reading Foundational Skills,Print Concepts: Words,Words on Signs 1,Practice 2,,,,93%
Preschool (Age 3): ELA,Reading Foundational Skills,Print Concepts: Words,Words on Signs 2,Main,,,,
Preschool (Age 3): ELA,Reading Foundational Skills,Print Concepts: Words,Words on Signs 2,Practice 1,,,,
Preschool (Age 3): ELA,Reading Foundational Skills,Print Concepts: Words,Words on Signs 2,Practice 2,,,,
Preschool (Age 3): ELA,Reading Foundational Skills,Phonological Awareness: Rhyming,Rhyming,Main,,100%,,100%
Preschool (Age 3): ELA,Reading Foundational Skills,Phonological Awareness: Rhyming,Rhyming,Practice 1,,,,100%
Preschool (Age 3): ELA,Reading Foundational Skills,Phonological Awareness: Rhyming,Rhyming,Practice 2,,,,100%
Preschool (Age 3): ELA,Reading Foundational Skills,Phonological Awareness: Rhyming,Rhyming,Basic,,,,100%
Preschool (Age 3): ELA,Reading Foundational Skills,Phonological Awareness: Syllables,Hear Syllables,Main,,,,
Preschool (Age 3): ELA,Reading Foundational Skills,Phonological Awareness: Syllables,Hear Syllables,Practice 1,,,,
Preschool (Age 3): ELA,Reading Foundational Skills,Phonological Awareness: Syllables,Hear Syllables,Practice 2,,,,
Preschool (Age 3): ELA,Reading Foundational Skills,Phonological Awareness: Syllables,Hear Syllables,Basic,,,,
Preschool (Age 3): ELA,Reading Foundational Skills,Phonological Awareness: Syllables,Blend Syllables,Main,,,,100%
Preschool (Age 3): ELA,Reading Foundational Skills,Phonological Awareness: Syllables,Blend Syllables,Practice 1,,,,100%
Preschool (Age 3): ELA,Reading Foundational Skills,Phonological Awareness: Syllables,Blend Syllables,Practice 2,,100%,,100%
Preschool (Age 3): ELA,Reading Foundational Skills,Phonological Awareness: Syllables,Blend Syllables,Basic,,,,100%
Preschool (Age 3): ELA,Reading Foundational Skills,Phonological Awareness: Onset & Rime,Blend Sounds 1,Main,,,,100%
Preschool (Age 3): ELA,Reading Foundational Skills,Phonological Awareness: Onset & Rime,Blend Sounds 1,Practice 1,,,,100%
Preschool (Age 3): ELA,Reading Foundational Skills,Phonological Awareness: Onset & Rime,Blend Sounds 1,Practice 2,,100%,,100%
Preschool (Age 3): ELA,Reading Foundational Skills,Phonological Awareness: Onset & Rime,Blend Sounds 1,Basic,,,,100%
Preschool (Age 3): ELA,Reading Foundational Skills,Phonological Awareness: Onset & Rime,Beginning Sounds 1,Main,,,,100%
Preschool (Age 3): ELA,Reading Foundational Skills,Phonological Awareness: Onset & Rime,Beginning Sounds 1,Practice 1,,,,100%
Preschool (Age 3): ELA,Reading Foundational Skills,Phonological Awareness: Onset & Rime,Beginning Sounds 1,Practice 2,,100%,,100%
Preschool (Age 3): ELA,Reading Foundational Skills,Phonological Awareness: Onset & Rime,Beginning Sounds 1,Basic,,,,100%
Preschool (Age 3): ELA,Reading Foundational Skills,Phonological Awareness: Onset & Rime,Word Families,Main,,,,100%
Preschool (Age 3): ELA,Reading Foundational Skills,Phonological Awareness: Onset & Rime,Word Families,Practice 1,,,,100%
Preschool (Age 3): ELA,Reading Foundational Skills,Phonological Awareness: Onset & Rime,Word Families,Practice 2,,100%,,100%
Preschool (Age 3): ELA,Reading Foundational Skills,Phonological Awareness: Onset & Rime,Word Families,Basic,,,,100%
Preschool (Age 3): ELA,Reading Foundational Skills,Phonological Awareness: Three-Phoneme Words,Blend Sounds 2,Main,,,,94%
Preschool (Age 3): ELA,Reading Foundational Skills,Phonological Awareness: Three-Phoneme Words,Blend Sounds 2,Practice 1,,100%,,94%
Preschool (Age 3): ELA,Reading Foundational Skills,Phonological Awareness: Three-Phoneme Words,Blend Sounds 2,Practice 2,,94%,,94%
Preschool (Age 3): ELA,Reading Foundational Skills,Phonological Awareness: Three-Phoneme Words,Blend Sounds 2,Basic,,,,94%
Preschool (Age 3): ELA,Reading Foundational Skills,Phonological Awareness: Three-Phoneme Words,Beginning Sounds 2,Main,,,,85%
Preschool (Age 3): ELA,Reading Foundational Skills,Phonological Awareness: Three-Phoneme Words,Beginning Sounds 2,Practice 1,,85%,,85%
Preschool (Age 3): ELA,Reading Foundational Skills,Phonological Awareness: Three-Phoneme Words,Beginning Sounds 2,Practice 2,,100%,,85%
Preschool (Age 3): ELA,Reading Foundational Skills,Phonological Awareness: Three-Phoneme Words,Beginning Sounds 2,Basic,,,,85%
Preschool (Age 3): ELA,Reading Foundational Skills,Phonological Awareness: Three-Phoneme Words,Words: End Sound,Main,,,,100%
Preschool (Age 3): ELA,Reading Foundational Skills,Phonological Awareness: Three-Phoneme Words,Words: End Sound,Practice 1,,,,100%
Preschool (Age 3): ELA,Reading Foundational Skills,Phonological Awareness: Three-Phoneme Words,Words: End Sound,Practice 2,,100%,,100%
Preschool (Age 3): ELA,Reading Foundational Skills,Phonological Awareness: Three-Phoneme Words,Words: End Sound,Basic,,,,100%
Preschool (Age 3): ELA,Reading Foundational Skills,Phonics: Extra Letter & Sounds Practice,Letter A,Direct,,,,
Preschool (Age 3): ELA,Reading Foundational Skills,Phonics: Extra Letter & Sounds Practice,Letter B,Direct,,,,
Preschool (Age 3): ELA,Reading Foundational Skills,Phonics: Extra Letter & Sounds Practice,Letter C,Direct,,,,
Preschool (Age 3): ELA,Reading Foundational Skills,Phonics: Extra Letter & Sounds Practice,Letter D,Direct,,,,
Preschool (Age 3): ELA,Reading Foundational Skills,Phonics: Extra Letter & Sounds Practice,Letter E,Direct,,,,
Preschool (Age 3): ELA,Reading Foundational Skills,Phonics: Extra Letter & Sounds Practice,Letter F,Direct,,Viewed,,Viewed
Preschool (Age 3): ELA,Reading Foundational Skills,Phonics: Extra Letter & Sounds Practice,Letter G,Direct,,,,
Preschool (Age 3): ELA,Reading Foundational Skills,Phonics: Extra Letter & Sounds Practice,Letter H,Direct,,,,
Preschool (Age 3): ELA,Reading Foundational Skills,Phonics: Extra Letter & Sounds Practice,Letter I,Direct,,Viewed,,Viewed
Preschool (Age 3): ELA,Reading Foundational Skills,Phonics: Extra Letter & Sounds Practice,Letter J,Direct,,,,
Preschool (Age 3): ELA,Reading Foundational Skills,Phonics: Extra Letter & Sounds Practice,Letter K,Direct,,,,
Preschool (Age 3): ELA,Reading Foundational Skills,Phonics: Extra Letter & Sounds Practice,Letter L,Direct,,,,
Preschool (Age 3): ELA,Reading Foundational Skills,Phonics: Extra Letter & Sounds Practice,Letter M,Direct,,,,
Preschool (Age 3): ELA,Reading Foundational Skills,Phonics: Extra Letter & Sounds Practice,Letter N,Direct,,,,
Preschool (Age 3): ELA,Reading Foundational Skills,Phonics: Extra Letter & Sounds Practice,Letter O,Direct,,Viewed,,Viewed
Preschool (Age 3): ELA,Reading Foundational Skills,Phonics: Extra Letter & Sounds Practice,Letter P,Direct,,,,
Preschool (Age 3): ELA,Reading Foundational Skills,Phonics: Extra Letter & Sounds Practice,Letter Q,Direct,,,,
Preschool (Age 3): ELA,Reading Foundational Skills,Phonics: Extra Letter & Sounds Practice,Letter R,Direct,,,,
Preschool (Age 3): ELA,Reading Foundational Skills,Phonics: Extra Letter & Sounds Practice,Letter S,Direct,,,,
Preschool (Age 3): ELA,Reading Foundational Skills,Phonics: Extra Letter & Sounds Practice,Letter T,Direct,,,,
Preschool (Age 3): ELA,Reading Foundational Skills,Phonics: Extra Letter & Sounds Practice,Letter U,Direct,,,,
Preschool (Age 3): ELA,Reading Foundational Skills,Phonics: Extra Letter & Sounds Practice,Letter V,Direct,,,,
Preschool (Age 3): ELA,Reading Foundational Skills,Phonics: Extra Letter & Sounds Practice,Letter W,Direct,,,,
Preschool (Age 3): ELA,Reading Foundational Skills,Phonics: Extra Letter & Sounds Practice,Letter X,Direct,,,,
Preschool (Age 3): ELA,Reading Foundational Skills,Phonics: Extra Letter & Sounds Practice,Letter Y,Direct,,,,
Preschool (Age 3): ELA,Reading Foundational Skills,Phonics: Extra Letter & Sounds Practice,Letter Z,Direct,,,,
Preschool (Age 3): ELA,Reading Foundational Skills - Phonics,Lowercase Letters,Lowercase a,Main,100%,100%,100%,100%
Preschool (Age 3): ELA,Reading Foundational Skills - Phonics,Lowercase Letters,Lowercase a,Practice 1,88%,88%,100%,100%
Preschool (Age 3): ELA,Reading Foundational Skills - Phonics,Lowercase Letters,Lowercase a,Practice 2,80%,100%,100%,100%
Preschool (Age 3): ELA,Reading Foundational Skills - Phonics,Lowercase Letters,Lowercase a,Basic,80%,80%,100%,100%
Preschool (Age 3): ELA,Reading Foundational Skills - Phonics,Lowercase Letters,Lowercase b,Main,80%,88%,100%,100%
Preschool (Age 3): ELA,Reading Foundational Skills - Phonics,Lowercase Letters,Lowercase b,Practice 1,100%,85%,100%,100%
Preschool (Age 3): ELA,Reading Foundational Skills - Phonics,Lowercase Letters,Lowercase b,Practice 2,100%,100%,100%,100%
Preschool (Age 3): ELA,Reading Foundational Skills - Phonics,Lowercase Letters,Lowercase b,Basic,100%,100%,100%,100%
Preschool (Age 3): ELA,Reading Foundational Skills - Phonics,Lowercase Letters,Lowercase c,Main,80%,80%,80%,100%
Preschool (Age 3): ELA,Reading Foundational Skills - Phonics,Lowercase Letters,Lowercase c,Practice 1,100%,100%,80%,100%
Preschool (Age 3): ELA,Reading Foundational Skills - Phonics,Lowercase Letters,Lowercase c,Practice 2,100%,100%,80%,100%
Preschool (Age 3): ELA,Reading Foundational Skills - Phonics,Lowercase Letters,Lowercase c,Basic,80%,80%,80%,100%
Preschool (Age 3): ELA,Reading Foundational Skills - Phonics,Lowercase Letters,Lowercase d,Main,80%,100%,85%,100%
Preschool (Age 3): ELA,Reading Foundational Skills - Phonics,Lowercase Letters,Lowercase d,Practice 1,85%,100%,85%,100%
Preschool (Age 3): ELA,Reading Foundational Skills - Phonics,Lowercase Letters,Lowercase d,Practice 2,100%,100%,85%,100%
Preschool (Age 3): ELA,Reading Foundational Skills - Phonics,Lowercase Letters,Lowercase d,Basic,85%,100%,85%,100%
Preschool (Age 3): ELA,Reading Foundational Skills - Phonics,Lowercase Letters,Lowercase e,Main,80%,100%,100%,100%
Preschool (Age 3): ELA,Reading Foundational Skills - Phonics,Lowercase Letters,Lowercase e,Practice 1,88%,88%,100%,100%
Preschool (Age 3): ELA,Reading Foundational Skills - Phonics,Lowercase Letters,Lowercase e,Practice 2,100%,100%,100%,100%
Preschool (Age 3): ELA,Reading Foundational Skills - Phonics,Lowercase Letters,Lowercase e,Basic,100%,100%,100%,100%
Preschool (Age 3): ELA,Reading Foundational Skills - Phonics,Lowercase Letters,Lowercase f,Main,85%,100%,88%,100%
Preschool (Age 3): ELA,Reading Foundational Skills - Phonics,Lowercase Letters,Lowercase f,Practice 1,100%,100%,88%,100%
Preschool (Age 3): ELA,Reading Foundational Skills - Phonics,Lowercase Letters,Lowercase f,Practice 2,88%,100%,88%,100%
Preschool (Age 3): ELA,Reading Foundational Skills - Phonics,Lowercase Letters,Lowercase f,Basic,100%,80%,88%,100%
Preschool (Age 3): ELA,Reading Foundational Skills - Phonics,Lowercase Letters,Lowercase g,Main,100%,80%,88%,100%
Preschool (Age 3): ELA,Reading Foundational Skills - Phonics,Lowercase Letters,Lowercase g,Practice 1,88%,100%,88%,100%
Preschool (Age 3): ELA,Reading Foundational Skills - Phonics,Lowercase Letters,Lowercase g,Practice 2,85%,100%,88%,100%
Preschool (Age 3): ELA,Reading Foundational Skills - Phonics,Lowercase Letters,Lowercase g,Basic,100%,80%,88%,100%
Preschool (Age 3): ELA,Reading Foundational Skills - Phonics,Lowercase Letters,Lowercase h,Main,100%,100%,100%,100%
Preschool (Age 3): ELA,Reading Foundational Skills - Phonics,Lowercase Letters,Lowercase h,Practice 1,100%,100%,100%,100%
Preschool (Age 3): ELA,Reading Foundational Skills - Phonics,Lowercase Letters,Lowercase h,Practice 2,100%,100%,100%,100%
Preschool (Age 3): ELA,Reading Foundational Skills - Phonics,Lowercase Letters,Lowercase h,Basic,100%,100%,100%,100%
Preschool (Age 3): ELA,Reading Foundational Skills - Phonics,Lowercase Letters,Lowercase i,Main,100%,100%,100%,100%
Preschool (Age 3): ELA,Reading Foundational Skills - Phonics,Lowercase Letters,Lowercase i,Practice 1,100%,80%,100%,100%
Preschool (Age 3): ELA,Reading Foundational Skills - Phonics,Lowercase Letters,Lowercase i,Practice 2,100%,100%,100%,100%
Preschool (Age 3): ELA,Reading Foundational Skills - Phonics,Lowercase Letters,Lowercase i,Basic,85%,85%,100%,100%
Preschool (Age 3): ELA,Reading Foundational Skills - Phonics,Lowercase Letters,Lowercase j,Main,85%,100%,80%,100%
Preschool (Age 3): ELA,Reading Foundational Skills - Phonics,Lowercase Letters,Lowercase j,Practice 1,100%,100%,80%,100%
Preschool (Age 3): ELA,Reading Foundational Skills - Phonics,Lowercase Letters,Lowercase j,Practice 2,80%,100%,80%,100%
Preschool (Age 3): ELA,Reading Foundational Skills - Phonics,Lowercase Letters,Lowercase j,Basic,100%,100%,80%,100%
Preschool (Age 3): ELA,Reading Foundational Skills - Phonics,Lowercase Letters,Lowercase k,Main,100%,80%,100%,100%
Preschool (Age 3): ELA,Reading Foundational Skills - Phonics,Lowercase Letters,Lowercase k,Practice 1,100%,100%,100%,100%
Preschool (Age 3): ELA,Reading Foundational Skills - Phonics,Lowercase Letters,Lowercase k,Practice 2,80%,100%,100%,100%
Preschool (Age 3): ELA,Reading Foundational Skills - Phonics,Lowercase Letters,Lowercase k,Basic,100%,100%,100%,100%
Preschool (Age 3): ELA,Reading Foundational Skills - Phonics,Lowercase Letters,Lowercase l,Main,88%,88%,88%,100%
Preschool (Age 3): ELA,Reading Foundational Skills - Phonics,Lowercase Letters,Lowercase l,Practice 1,88%,100%,88%,100%
Preschool (Age 3): ELA,Reading Foundational Skills - Phonics,Lowercase Letters,Lowercase l,Practice 2,85%,100%,88%,100%
Preschool (Age 3): ELA,Reading Foundational Skills - Phonics,Lowercase Letters,Lowercase l,Basic,80%,100%,88%,100%
Preschool (Age 3): ELA,Reading Foundational Skills - Phonics,Lowercase Letters,Lowercase m,Main,100%,85%,88%,100%
Preschool (Age 3): ELA,Reading Foundational Skills - Phonics,Lowercase Letters,Lowercase m,Practice 1,100%,100%,88%,100%
Preschool (Age 3): ELA,Reading Foundational Skills - Phonics,Lowercase Letters,Lowercase m,Practice 2,88%,100%,88%,100%
Preschool (Age 3): ELA,Reading Foundational Skills - Phonics,Lowercase Letters,Lowercase m,Basic,100%,80%,88%,100%
Preschool (Age 3): ELA,Reading Foundational Skills - Phonics,Lowercase Letters,Lowercase n,Main,100%,100%,80%,100%
Preschool (Age 3): ELA,Reading Foundational Skills - Phonics,Lowercase Letters,Lowercase n,Practice 1,80%,100%,80%,100%
Preschool (Age 3): ELA,Reading Foundational Skills - Phonics,Lowercase Letters,Lowercase n,Practice 2,80%,100%,80%,100%
Preschool (Age 3): ELA,Reading Foundational Skills - Phonics,Lowercase Letters,Lowercase n,Basic,100%,80%,80%,100%
Preschool (Age 3): ELA,Reading Foundational Skills - Phonics,Lowercase Letters,Lowercase o,Main,100%,80%,80%,100%
Preschool (Age 3): ELA,Reading Foundational Skills - Phonics,Lowercase Letters,Lowercase o,Practice 1,88%,100%,80%,100%
Preschool (Age 3): ELA,Reading Foundational Skills - Phonics,Lowercase Letters,Lowercase o,Practice 2,80%,100%,80%,100%
Preschool (Age 3): ELA,Reading Foundational Skills - Phonics,Lowercase Letters,Lowercase o,Basic,100%,85%,80%,100%
Preschool (Age 3): ELA,Reading Foundational Skills - Phonics,Lowercase Letters,Lowercase p,Main,100%,100%,100%,100%
Preschool (Age 3): ELA,Reading Foundational Skills - Phonics,Lowercase Letters,Lowercase p,Practice 1,88%,100%,100%,100%
Preschool (Age 3): ELA,Reading Foundational Skills - Phonics,Lowercase Letters,Lowercase p,Practice 2,100%,100%,100%,100%
Preschool (Age 3): ELA,Reading Foundational Skills - Phonics,Lowercase Letters,Lowercase p,Basic,80%,100%,100%,100%
Preschool (Age 3): ELA,Reading Foundational Skills - Phonics,Lowercase Letters,Lowercase q,Main,85%,100%,100%,100%
Preschool (Age 3): ELA,Reading Foundational Skills - Phonics,Lowercase Letters,Lowercase q,Practice 1,100%,100%,100%,100%
Preschool (Age 3): ELA,Reading Foundational Skills - Phonics,Lowercase Letters,Lowercase q,Practice 2,100%,100%,100%,100%
Preschool (Age 3): ELA,Reading Foundational Skills - Phonics,Lowercase Letters,Lowercase q,Basic,100%,100%,100%,100%
Preschool (Age 3): ELA,Reading Foundational Skills - Phonics,Lowercase Letters,Lowercase r,Main,85%,80%,100%,100%
Preschool (Age 3): ELA,Reading Foundational Skills - Phonics,Lowercase Letters,Lowercase r,Practice 1,100%,100%,100%,100%
Preschool (Age 3): ELA,Reading Foundational Skills - Phonics,Lowercase Letters,Lowercase r,Practice 2,100%,100%,100%,100%
Preschool (Age 3): ELA,Reading Foundational Skills - Phonics,Lowercase Letters,Lowercase r,Basic,100%,80%,100%,100%
Preschool (Age 3): ELA,Reading Foundational Skills - Phonics,Lowercase Letters,Lowercase s,Main,80%,100%,100%,100%
Preschool (Age 3): ELA,Reading Foundational Skills - Phonics,Lowercase Letters,Lowercase s,Practice 1,100%,80%,100%,100%
Preschool (Age 3): ELA,Reading Foundational Skills - Phonics,Lowercase Letters,Lowercase s,Practice 2,100%,100%,100%,100%
Preschool (Age 3): ELA,Reading Foundational Skills - Phonics,Lowercase Letters,Lowercase s,Basic,100%,73%,100%,100%
Preschool (Age 3): ELA,Reading Foundational Skills - Phonics,Lowercase Letters,Lowercase t,Main,88%,88%,100%,100%
Preschool (Age 3): ELA,Reading Foundational Skills - Phonics,Lowercase Letters,Lowercase t,Practice 1,100%,88%,100%,100%
Preschool (Age 3): ELA,Reading Foundational Skills - Phonics,Lowercase Letters,Lowercase t,Practice 2,100%,100%,100%,100%
Preschool (Age 3): ELA,Reading Foundational Skills - Phonics,Lowercase Letters,Lowercase t,Basic,100%,80%,100%,100%
Preschool (Age 3): ELA,Reading Foundational Skills - Phonics,Lowercase Letters,Lowercase u,Main,100%,100%,100%,100%
Preschool (Age 3): ELA,Reading Foundational Skills - Phonics,Lowercase Letters,Lowercase u,Practice 1,80%,100%,100%,100%
Preschool (Age 3): ELA,Reading Foundational Skills - Phonics,Lowercase Letters,Lowercase u,Practice 2,100%,100%,100%,100%
Preschool (Age 3): ELA,Reading Foundational Skills - Phonics,Lowercase Letters,Lowercase u,Basic,80%,80%,100%,100%
Preschool (Age 3): ELA,Reading Foundational Skills - Phonics,Lowercase Letters,Lowercase v,Main,100%,100%,80%,100%
Preschool (Age 3): ELA,Reading Foundational Skills - Phonics,Lowercase Letters,Lowercase v,Practice 1,80%,100%,80%,100%
Preschool (Age 3): ELA,Reading Foundational Skills - Phonics,Lowercase Letters,Lowercase v,Practice 2,100%,100%,80%,100%
Preschool (Age 3): ELA,Reading Foundational Skills - Phonics,Lowercase Letters,Lowercase v,Basic,85%,100%,80%,100%
Preschool (Age 3): ELA,Reading Foundational Skills - Phonics,Lowercase Letters,Lowercase w,Main,100%,100%,100%,100%
Preschool (Age 3): ELA,Reading Foundational Skills - Phonics,Lowercase Letters,Lowercase w,Practice 1,100%,80%,100%,100%
Preschool (Age 3): ELA,Reading Foundational Skills - Phonics,Lowercase Letters,Lowercase w,Practice 2,100%,100%,100%,100%
Preschool (Age 3): ELA,Reading Foundational Skills - Phonics,Lowercase Letters,Lowercase w,Basic,100%,80%,100%,100%
Preschool (Age 3): ELA,Reading Foundational Skills - Phonics,Lowercase Letters,Lowercase x,Main,100%,100%,100%,100%
Preschool (Age 3): ELA,Reading Foundational Skills - Phonics,Lowercase Letters,Lowercase x,Practice 1,88%,80%,100%,100%
Preschool (Age 3): ELA,Reading Foundational Skills - Phonics,Lowercase Letters,Lowercase x,Practice 2,85%,100%,100%,100%
Preschool (Age 3): ELA,Reading Foundational Skills - Phonics,Lowercase Letters,Lowercase x,Basic,80%,100%,100%,100%
Preschool (Age 3): ELA,Reading Foundational Skills - Phonics,Lowercase Letters,Lowercase y,Main,80%,51%,100%,51%
Preschool (Age 3): ELA,Reading Foundational Skills - Phonics,Lowercase Letters,Lowercase y,Practice 1,85%,42%,100%,51%
Preschool (Age 3): ELA,Reading Foundational Skills - Phonics,Lowercase Letters,Lowercase y,Practice 2,100%,100%,100%,51%
Preschool (Age 3): ELA,Reading Foundational Skills - Phonics,Lowercase Letters,Lowercase y,Basic,100%,100%,100%,51%
Preschool (Age 3): ELA,Reading Foundational Skills - Phonics,Lowercase Letters,Lowercase z,Main,80%,70%,100%,70%
Preschool (Age 3): ELA,Reading Foundational Skills - Phonics,Lowercase Letters,Lowercase z,Practice 1,80%,100%,100%,70%
Preschool (Age 3): ELA,Reading Foundational Skills - Phonics,Lowercase Letters,Lowercase z,Practice 2,100%,100%,100%,70%
Preschool (Age 3): ELA,Reading Foundational Skills - Phonics,Lowercase Letters,Lowercase z,Basic,100%,100%,100%,70%
Preschool (Age 3): ELA,Reading Foundational Skills - Phonics,Uppercase Letters,Uppercase A,Main,100%,76%,90%,100%
Preschool (Age 3): ELA,Reading Foundational Skills - Phonics,Uppercase Letters,Uppercase A,Practice 1,90%,83%,90%,100%
Preschool (Age 3): ELA,Reading Foundational Skills - Phonics,Uppercase Letters,Uppercase A,Practice 2,80%,100%,90%,100%
Preschool (Age 3): ELA,Reading Foundational Skills - Phonics,Uppercase Letters,Uppercase A,Basic,100%,,90%,100%
Preschool (Age 3): ELA,Reading Foundational Skills - Phonics,Uppercase Letters,Uppercase B,Main,90%,,100%,100%
Preschool (Age 3): ELA,Reading Foundational Skills - Phonics,Uppercase Letters,Uppercase B,Practice 1,90%,100%,100%,100%
Preschool (Age 3): ELA,Reading Foundational Skills - Phonics,Uppercase Letters,Uppercase B,Practice 2,100%,100%,100%,100%
Preschool (Age 3): ELA,Reading Foundational Skills - Phonics,Uppercase Letters,Uppercase B,Basic,100%,,100%,100%
Preschool (Age 3): ELA,Reading Foundational Skills - Phonics,Uppercase Letters,Uppercase C,Main,100%,50%,100%,100%
Preschool (Age 3): ELA,Reading Foundational Skills - Phonics,Uppercase Letters,Uppercase C,Practice 1,100%,73%,100%,100%
Preschool (Age 3): ELA,Reading Foundational Skills - Phonics,Uppercase Letters,Uppercase C,Practice 2,100%,100%,100%,100%
Preschool (Age 3): ELA,Reading Foundational Skills - Phonics,Uppercase Letters,Uppercase C,Basic,100%,,100%,100%
Preschool (Age 3): ELA,Reading Foundational Skills - Phonics,Uppercase Letters,Uppercase D,Main,100%,,100%,100%
Preschool (Age 3): ELA,Reading Foundational Skills - Phonics,Uppercase Letters,Uppercase D,Practice 1,100%,,100%,100%
Preschool (Age 3): ELA,Reading Foundational Skills - Phonics,Uppercase Letters,Uppercase D,Practice 2,85%,100%,100%,100%
Preschool (Age 3): ELA,Reading Foundational Skills - Phonics,Uppercase Letters,Uppercase D,Basic,100%,,100%,100%
Preschool (Age 3): ELA,Reading Foundational Skills - Phonics,Uppercase Letters,Uppercase E,Main,100%,,100%,100%
Preschool (Age 3): ELA,Reading Foundational Skills - Phonics,Uppercase Letters,Uppercase E,Practice 1,100%,,100%,100%
Preschool (Age 3): ELA,Reading Foundational Skills - Phonics,Uppercase Letters,Uppercase E,Practice 2,100%,100%,100%,100%
Preschool (Age 3): ELA,Reading Foundational Skills - Phonics,Uppercase Letters,Uppercase E,Basic,80%,,100%,100%
Preschool (Age 3): ELA,Reading Foundational Skills - Phonics,Uppercase Letters,Uppercase F,Main,90%,,100%,100%
Preschool (Age 3): ELA,Reading Foundational Skills - Phonics,Uppercase Letters,Uppercase F,Practice 1,100%,,100%,100%
Preschool (Age 3): ELA,Reading Foundational Skills - Phonics,Uppercase Letters,Uppercase F,Practice 2,100%,100%,100%,100%
Preschool (Age 3): ELA,Reading Foundational Skills - Phonics,Uppercase Letters,Uppercase F,Basic,100%,,100%,100%
Preschool (Age 3): ELA,Reading Foundational Skills - Phonics,Uppercase Letters,Uppercase G,Main,100%,,100%,100%
Preschool (Age 3): ELA,Reading Foundational Skills - Phonics,Uppercase Letters,Uppercase G,Practice 1,100%,,100%,100%
Preschool (Age 3): ELA,Reading Foundational Skills - Phonics,Uppercase Letters,Uppercase G,Practice 2,100%,100%,100%,100%
Preschool (Age 3): ELA,Reading Foundational Skills - Phonics,Uppercase Letters,Uppercase G,Basic,100%,,100%,100%
Preschool (Age 3): ELA,Reading Foundational Skills - Phonics,Uppercase Letters,Uppercase H,Main,100%,,92%,100%
Preschool (Age 3): ELA,Reading Foundational Skills - Phonics,Uppercase Letters,Uppercase H,Practice 1,100%,,92%,100%
Preschool (Age 3): ELA,Reading Foundational Skills - Phonics,Uppercase Letters,Uppercase H,Practice 2,92%,100%,92%,100%
Preschool (Age 3): ELA,Reading Foundational Skills - Phonics,Uppercase Letters,Uppercase H,Basic,100%,,92%,100%
Preschool (Age 3): ELA,Reading Foundational Skills - Phonics,Uppercase Letters,Uppercase I,Main,100%,,100%,100%
Preschool (Age 3): ELA,Reading Foundational Skills - Phonics,Uppercase Letters,Uppercase I,Practice 1,100%,,100%,100%
Preschool (Age 3): ELA,Reading Foundational Skills - Phonics,Uppercase Letters,Uppercase I,Practice 2,100%,100%,100%,100%
Preschool (Age 3): ELA,Reading Foundational Skills - Phonics,Uppercase Letters,Uppercase I,Basic,100%,,100%,100%
Preschool (Age 3): ELA,Reading Foundational Skills - Phonics,Uppercase Letters,Uppercase J,Main,100%,,100%,100%
Preschool (Age 3): ELA,Reading Foundational Skills - Phonics,Uppercase Letters,Uppercase J,Practice 1,100%,,100%,100%
Preschool (Age 3): ELA,Reading Foundational Skills - Phonics,Uppercase Letters,Uppercase J,Practice 2,100%,100%,100%,100%
Preschool (Age 3): ELA,Reading Foundational Skills - Phonics,Uppercase Letters,Uppercase J,Basic,100%,,100%,100%
Preschool (Age 3): ELA,Reading Foundational Skills - Phonics,Uppercase Letters,Uppercase K,Main,100%,,100%,100%
Preschool (Age 3): ELA,Reading Foundational Skills - Phonics,Uppercase Letters,Uppercase K,Practice 1,100%,,100%,100%
Preschool (Age 3): ELA,Reading Foundational Skills - Phonics,Uppercase Letters,Uppercase K,Practice 2,100%,100%,100%,100%
Preschool (Age 3): ELA,Reading Foundational Skills - Phonics,Uppercase Letters,Uppercase K,Basic,100%,,100%,100%
Preschool (Age 3): ELA,Reading Foundational Skills - Phonics,Uppercase Letters,Uppercase L,Main,100%,,100%,100%
Preschool (Age 3): ELA,Reading Foundational Skills - Phonics,Uppercase Letters,Uppercase L,Practice 1,100%,,100%,100%
Preschool (Age 3): ELA,Reading Foundational Skills - Phonics,Uppercase Letters,Uppercase L,Practice 2,100%,100%,100%,100%
Preschool (Age 3): ELA,Reading Foundational Skills - Phonics,Uppercase Letters,Uppercase L,Basic,100%,,100%,100%
Preschool (Age 3): ELA,Reading Foundational Skills - Phonics,Uppercase Letters,Uppercase M,Main,100%,67%,100%,100%
Preschool (Age 3): ELA,Reading Foundational Skills - Phonics,Uppercase Letters,Uppercase M,Practice 1,100%,,100%,100%
Preschool (Age 3): ELA,Reading Foundational Skills - Phonics,Uppercase Letters,Uppercase M,Practice 2,100%,100%,100%,100%
Preschool (Age 3): ELA,Reading Foundational Skills - Phonics,Uppercase Letters,Uppercase M,Basic,100%,,100%,100%
Preschool (Age 3): ELA,Reading Foundational Skills - Phonics,Uppercase Letters,Uppercase N,Main,100%,,100%,100%
Preschool (Age 3): ELA,Reading Foundational Skills - Phonics,Uppercase Letters,Uppercase N,Practice 1,100%,,100%,100%
Preschool (Age 3): ELA,Reading Foundational Skills - Phonics,Uppercase Letters,Uppercase N,Practice 2,90%,100%,100%,100%
Preschool (Age 3): ELA,Reading Foundational Skills - Phonics,Uppercase Letters,Uppercase N,Basic,100%,,100%,100%
Preschool (Age 3): ELA,Reading Foundational Skills - Phonics,Uppercase Letters,Uppercase O,Main,100%,,100%,100%
Preschool (Age 3): ELA,Reading Foundational Skills - Phonics,Uppercase Letters,Uppercase O,Practice 1,100%,,100%,100%
Preschool (Age 3): ELA,Reading Foundational Skills - Phonics,Uppercase Letters,Uppercase O,Practice 2,100%,100%,100%,100%
Preschool (Age 3): ELA,Reading Foundational Skills - Phonics,Uppercase Letters,Uppercase O,Basic,100%,,100%,100%
Preschool (Age 3): ELA,Reading Foundational Skills - Phonics,Uppercase Letters,Uppercase P,Main,100%,,100%,100%
Preschool (Age 3): ELA,Reading Foundational Skills - Phonics,Uppercase Letters,Uppercase P,Practice 1,80%,,100%,100%
Preschool (Age 3): ELA,Reading Foundational Skills - Phonics,Uppercase Letters,Uppercase P,Practice 2,100%,100%,100%,100%
Preschool (Age 3): ELA,Reading Foundational Skills - Phonics,Uppercase Letters,Uppercase P,Basic,100%,,100%,100%
Preschool (Age 3): ELA,Reading Foundational Skills - Phonics,Uppercase Letters,Uppercase Q,Main,90%,,100%,
Preschool (Age 3): ELA,Reading Foundational Skills - Phonics,Uppercase Letters,Uppercase Q,Practice 1,100%,,100%,
Preschool (Age 3): ELA,Reading Foundational Skills - Phonics,Uppercase Letters,Uppercase Q,Practice 2,100%,,100%,
Preschool (Age 3): ELA,Reading Foundational Skills - Phonics,Uppercase Letters,Uppercase Q,Basic,100%,,100%,
Preschool (Age 3): ELA,Reading Foundational Skills - Phonics,Uppercase Letters,Uppercase R,Main,100%,,100%,100%
Preschool (Age 3): ELA,Reading Foundational Skills - Phonics,Uppercase Letters,Uppercase R,Practice 1,100%,,100%,100%
Preschool (Age 3): ELA,Reading Foundational Skills - Phonics,Uppercase Letters,Uppercase R,Practice 2,100%,100%,100%,100%
Preschool (Age 3): ELA,Reading Foundational Skills - Phonics,Uppercase Letters,Uppercase R,Basic,100%,,100%,100%
Preschool (Age 3): ELA,Reading Foundational Skills - Phonics,Uppercase Letters,Uppercase S,Main,100%,,85%,100%
Preschool (Age 3): ELA,Reading Foundational Skills - Phonics,Uppercase Letters,Uppercase S,Practice 1,100%,,85%,100%
Preschool (Age 3): ELA,Reading Foundational Skills - Phonics,Uppercase Letters,Uppercase S,Practice 2,85%,100%,85%,100%
Preschool (Age 3): ELA,Reading Foundational Skills - Phonics,Uppercase Letters,Uppercase S,Basic,100%,,85%,100%
Preschool (Age 3): ELA,Reading Foundational Skills - Phonics,Uppercase Letters,Uppercase T,Main,83%,,100%,100%
Preschool (Age 3): ELA,Reading Foundational Skills - Phonics,Uppercase Letters,Uppercase T,Practice 1,90%,,100%,100%
Preschool (Age 3): ELA,Reading Foundational Skills - Phonics,Uppercase Letters,Uppercase T,Practice 2,100%,100%,100%,100%
Preschool (Age 3): ELA,Reading Foundational Skills - Phonics,Uppercase Letters,Uppercase T,Basic,100%,,100%,100%
Preschool (Age 3): ELA,Reading Foundational Skills - Phonics,Uppercase Letters,Uppercase U,Main,100%,,100%,100%
Preschool (Age 3): ELA,Reading Foundational Skills - Phonics,Uppercase Letters,Uppercase U,Practice 1,100%,,100%,100%
Preschool (Age 3): ELA,Reading Foundational Skills - Phonics,Uppercase Letters,Uppercase U,Practice 2,100%,100%,100%,100%
Preschool (Age 3): ELA,Reading Foundational Skills - Phonics,Uppercase Letters,Uppercase U,Basic,100%,,100%,100%
Preschool (Age 3): ELA,Reading Foundational Skills - Phonics,Uppercase Letters,Uppercase V,Main,100%,,100%,100%
Preschool (Age 3): ELA,Reading Foundational Skills - Phonics,Uppercase Letters,Uppercase V,Practice 1,100%,,100%,100%
Preschool (Age 3): ELA,Reading Foundational Skills - Phonics,Uppercase Letters,Uppercase V,Practice 2,100%,100%,100%,100%
Preschool (Age 3): ELA,Reading Foundational Skills - Phonics,Uppercase Letters,Uppercase V,Basic,100%,,100%,100%
Preschool (Age 3): ELA,Reading Foundational Skills - Phonics,Uppercase Letters,Uppercase W,Main,100%,,100%,100%
Preschool (Age 3): ELA,Reading Foundational Skills - Phonics,Uppercase Letters,Uppercase W,Practice 1,100%,,100%,100%
Preschool (Age 3): ELA,Reading Foundational Skills - Phonics,Uppercase Letters,Uppercase W,Practice 2,100%,100%,100%,100%
Preschool (Age 3): ELA,Reading Foundational Skills - Phonics,Uppercase Letters,Uppercase W,Basic,100%,,100%,100%
Preschool (Age 3): ELA,Reading Foundational Skills - Phonics,Uppercase Letters,Uppercase X,Main,100%,,100%,100%
Preschool (Age 3): ELA,Reading Foundational Skills - Phonics,Uppercase Letters,Uppercase X,Practice 1,100%,,100%,100%
Preschool (Age 3): ELA,Reading Foundational Skills - Phonics,Uppercase Letters,Uppercase X,Practice 2,100%,100%,100%,100%
Preschool (Age 3): ELA,Reading Foundational Skills - Phonics,Uppercase Letters,Uppercase X,Basic,100%,,100%,100%
Preschool (Age 3): ELA,Reading Foundational Skills - Phonics,Uppercase Letters,Uppercase Y,Main,100%,,100%,100%
Preschool (Age 3): ELA,Reading Foundational Skills - Phonics,Uppercase Letters,Uppercase Y,Practice 1,100%,,100%,100%
Preschool (Age 3): ELA,Reading Foundational Skills - Phonics,Uppercase Letters,Uppercase Y,Practice 2,100%,100%,100%,100%
Preschool (Age 3): ELA,Reading Foundational Skills - Phonics,Uppercase Letters,Uppercase Y,Basic,100%,,100%,100%
Preschool (Age 3): ELA,Reading Foundational Skills - Phonics,Uppercase Letters,Uppercase Z,Main,100%,,100%,100%
Preschool (Age 3): ELA,Reading Foundational Skills - Phonics,Uppercase Letters,Uppercase Z,Practice 1,100%,,100%,100%
Preschool (Age 3): ELA,Reading Foundational Skills - Phonics,Uppercase Letters,Uppercase Z,Practice 2,100%,100%,100%,100%
Preschool (Age 3): ELA,Reading Foundational Skills - Phonics,Uppercase Letters,Uppercase Z,Basic,100%,,100%,100%
Preschool (Age 3): ELA,Reading Foundational Skills - Phonics,Beginning Letter Sounds,Beginning Sound b,Main,87%,95%,100%,100%
Preschool (Age 3): ELA,Reading Foundational Skills - Phonics,Beginning Letter Sounds,Beginning Sound b,Practice 1,84%,100%,100%,100%
Preschool (Age 3): ELA,Reading Foundational Skills - Phonics,Beginning Letter Sounds,Beginning Sound b,Practice 2,100%,100%,100%,100%
Preschool (Age 3): ELA,Reading Foundational Skills - Phonics,Beginning Letter Sounds,Beginning Sound b,Basic,92%,83%,100%,100%
Preschool (Age 3): ELA,Reading Foundational Skills - Phonics,Beginning Letter Sounds,Beginning Sound c,Main,92%,100%,94%,100%
Preschool (Age 3): ELA,Reading Foundational Skills - Phonics,Beginning Letter Sounds,Beginning Sound c,Practice 1,84%,100%,94%,100%
Preschool (Age 3): ELA,Reading Foundational Skills - Phonics,Beginning Letter Sounds,Beginning Sound c,Practice 2,94%,100%,94%,100%
Preschool (Age 3): ELA,Reading Foundational Skills - Phonics,Beginning Letter Sounds,Beginning Sound c,Basic,92%,83%,94%,100%
Preschool (Age 3): ELA,Reading Foundational Skills - Phonics,Beginning Letter Sounds,Beginning Sound d,Main,86%,100%,100%,100%
Preschool (Age 3): ELA,Reading Foundational Skills - Phonics,Beginning Letter Sounds,Beginning Sound d,Practice 1,82%,100%,100%,100%
Preschool (Age 3): ELA,Reading Foundational Skills - Phonics,Beginning Letter Sounds,Beginning Sound d,Practice 2,100%,100%,100%,100%
Preschool (Age 3): ELA,Reading Foundational Skills - Phonics,Beginning Letter Sounds,Beginning Sound d,Basic,92%,100%,100%,100%
Preschool (Age 3): ELA,Reading Foundational Skills - Phonics,Beginning Letter Sounds,Beginning Sound f,Main,86%,100%,87%,100%
Preschool (Age 3): ELA,Reading Foundational Skills - Phonics,Beginning Letter Sounds,Beginning Sound f,Practice 1,88%,100%,87%,100%
Preschool (Age 3): ELA,Reading Foundational Skills - Phonics,Beginning Letter Sounds,Beginning Sound f,Practice 2,87%,100%,87%,100%
Preschool (Age 3): ELA,Reading Foundational Skills - Phonics,Beginning Letter Sounds,Beginning Sound f,Basic,92%,92%,87%,100%
Preschool (Age 3): ELA,Reading Foundational Skills - Phonics,Beginning Letter Sounds,Beginning Sound g,Main,87%,100%,100%,100%
Preschool (Age 3): ELA,Reading Foundational Skills - Phonics,Beginning Letter Sounds,Beginning Sound g,Practice 1,87%,95%,100%,100%
Preschool (Age 3): ELA,Reading Foundational Skills - Phonics,Beginning Letter Sounds,Beginning Sound g,Practice 2,100%,100%,100%,100%
Preschool (Age 3): ELA,Reading Foundational Skills - Phonics,Beginning Letter Sounds,Beginning Sound g,Basic,83%,92%,100%,100%
Preschool (Age 3): ELA,Reading Foundational Skills - Phonics,Beginning Letter Sounds,Beginning Sound h,Main,86%,92%,100%,100%
Preschool (Age 3): ELA,Reading Foundational Skills - Phonics,Beginning Letter Sounds,Beginning Sound h,Practice 1,86%,94%,100%,100%
Preschool (Age 3): ELA,Reading Foundational Skills - Phonics,Beginning Letter Sounds,Beginning Sound h,Practice 2,100%,100%,100%,100%
Preschool (Age 3): ELA,Reading Foundational Skills - Phonics,Beginning Letter Sounds,Beginning Sound h,Basic,92%,100%,100%,100%
Preschool (Age 3): ELA,Reading Foundational Skills - Phonics,Beginning Letter Sounds,Beginning Sound j,Main,84%,,84%,100%
Preschool (Age 3): ELA,Reading Foundational Skills - Phonics,Beginning Letter Sounds,Beginning Sound j,Practice 1,100%,100%,84%,100%
Preschool (Age 3): ELA,Reading Foundational Skills - Phonics,Beginning Letter Sounds,Beginning Sound j,Practice 2,,100%,84%,100%
Preschool (Age 3): ELA,Reading Foundational Skills - Phonics,Beginning Letter Sounds,Beginning Sound j,Basic,92%,83%,84%,100%
Preschool (Age 3): ELA,Reading Foundational Skills - Phonics,Beginning Letter Sounds,Beginning Sound k,Main,78%,100%,100%,100%
Preschool (Age 3): ELA,Reading Foundational Skills - Phonics,Beginning Letter Sounds,Beginning Sound k,Practice 1,100%,94%,100%,100%
Preschool (Age 3): ELA,Reading Foundational Skills - Phonics,Beginning Letter Sounds,Beginning Sound k,Practice 2,,100%,100%,100%
Preschool (Age 3): ELA,Reading Foundational Skills - Phonics,Beginning Letter Sounds,Beginning Sound k,Basic,92%,83%,100%,100%
Preschool (Age 3): ELA,Reading Foundational Skills - Phonics,Beginning Letter Sounds,Beginning Sound l,Main,100%,95%,100%,92%
Preschool (Age 3): ELA,Reading Foundational Skills - Phonics,Beginning Letter Sounds,Beginning Sound l,Practice 1,91%,92%,100%,92%
Preschool (Age 3): ELA,Reading Foundational Skills - Phonics,Beginning Letter Sounds,Beginning Sound l,Practice 2,,,100%,92%
Preschool (Age 3): ELA,Reading Foundational Skills - Phonics,Beginning Letter Sounds,Beginning Sound l,Basic,100%,83%,100%,92%
Preschool (Age 3): ELA,Reading Foundational Skills - Phonics,Beginning Letter Sounds,Beginning Sound m,Main,,94%,94%,100%
Preschool (Age 3): ELA,Reading Foundational Skills - Phonics,Beginning Letter Sounds,Beginning Sound m,Practice 1,94%,,94%,100%
Preschool (Age 3): ELA,Reading Foundational Skills - Phonics,Beginning Letter Sounds,Beginning Sound m,Practice 2,100%,100%,94%,100%
Preschool (Age 3): ELA,Reading Foundational Skills - Phonics,Beginning Letter Sounds,Beginning Sound m,Basic,92%,83%,94%,100%
Preschool (Age 3): ELA,Reading Foundational Skills - Phonics,Beginning Letter Sounds,Beginning Sound n,Main,100%,100%,95%,100%
Preschool (Age 3): ELA,Reading Foundational Skills - Phonics,Beginning Letter Sounds,Beginning Sound n,Practice 1,95%,95%,95%,100%
Preschool (Age 3): ELA,Reading Foundational Skills - Phonics,Beginning Letter Sounds,Beginning Sound n,Practice 2,60%,100%,95%,100%
Preschool (Age 3): ELA,Reading Foundational Skills - Phonics,Beginning Letter Sounds,Beginning Sound n,Basic,83%,83%,95%,100%
Preschool (Age 3): ELA,Reading Foundational Skills - Phonics,Beginning Letter Sounds,Beginning Sound p,Main,86%,92%,86%,100%
Preschool (Age 3): ELA,Reading Foundational Skills - Phonics,Beginning Letter Sounds,Beginning Sound p,Practice 1,,100%,86%,100%
Preschool (Age 3): ELA,Reading Foundational Skills - Phonics,Beginning Letter Sounds,Beginning Sound p,Practice 2,,100%,86%,100%
Preschool (Age 3): ELA,Reading Foundational Skills - Phonics,Beginning Letter Sounds,Beginning Sound p,Basic,83%,88%,86%,100%
Preschool (Age 3): ELA,Reading Foundational Skills - Phonics,Beginning Letter Sounds,Beginning Sound q,Main,84%,94%,100%,100%
Preschool (Age 3): ELA,Reading Foundational Skills - Phonics,Beginning Letter Sounds,Beginning Sound q,Practice 1,100%,92%,100%,100%
Preschool (Age 3): ELA,Reading Foundational Skills - Phonics,Beginning Letter Sounds,Beginning Sound q,Practice 2,,100%,100%,100%
Preschool (Age 3): ELA,Reading Foundational Skills - Phonics,Beginning Letter Sounds,Beginning Sound q,Basic,92%,83%,100%,100%
Preschool (Age 3): ELA,Reading Foundational Skills - Phonics,Beginning Letter Sounds,Beginning Sound r,Main,86%,100%,86%,100%
Preschool (Age 3): ELA,Reading Foundational Skills - Phonics,Beginning Letter Sounds,Beginning Sound r,Practice 1,,100%,86%,100%
Preschool (Age 3): ELA,Reading Foundational Skills - Phonics,Beginning Letter Sounds,Beginning Sound r,Practice 2,,100%,86%,100%
Preschool (Age 3): ELA,Reading Foundational Skills - Phonics,Beginning Letter Sounds,Beginning Sound r,Basic,100%,83%,86%,100%
Preschool (Age 3): ELA,Reading Foundational Skills - Phonics,Beginning Letter Sounds,Beginning Sound s,Main,86%,100%,86%,100%
Preschool (Age 3): ELA,Reading Foundational Skills - Phonics,Beginning Letter Sounds,Beginning Sound s,Practice 1,,100%,86%,100%
Preschool (Age 3): ELA,Reading Foundational Skills - Phonics,Beginning Letter Sounds,Beginning Sound s,Practice 2,,100%,86%,100%
Preschool (Age 3): ELA,Reading Foundational Skills - Phonics,Beginning Letter Sounds,Beginning Sound s,Basic,92%,92%,86%,100%
Preschool (Age 3): ELA,Reading Foundational Skills - Phonics,Beginning Letter Sounds,Beginning Sound t,Main,86%,100%,95%,100%
Preschool (Age 3): ELA,Reading Foundational Skills - Phonics,Beginning Letter Sounds,Beginning Sound t,Practice 1,95%,87%,95%,100%
Preschool (Age 3): ELA,Reading Foundational Skills - Phonics,Beginning Letter Sounds,Beginning Sound t,Practice 2,,100%,95%,100%
Preschool (Age 3): ELA,Reading Foundational Skills - Phonics,Beginning Letter Sounds,Beginning Sound t,Basic,83%,92%,95%,100%
Preschool (Age 3): ELA,Reading Foundational Skills - Phonics,Beginning Letter Sounds,Beginning Sound v,Main,95%,92%,95%,100%
Preschool (Age 3): ELA,Reading Foundational Skills - Phonics,Beginning Letter Sounds,Beginning Sound v,Practice 1,,92%,95%,100%
Preschool (Age 3): ELA,Reading Foundational Skills - Phonics,Beginning Letter Sounds,Beginning Sound v,Practice 2,,100%,95%,100%
Preschool (Age 3): ELA,Reading Foundational Skills - Phonics,Beginning Letter Sounds,Beginning Sound v,Basic,83%,92%,95%,100%
Preschool (Age 3): ELA,Reading Foundational Skills - Phonics,Beginning Letter Sounds,Beginning Sound w,Main,67%,100%,67%,100%
Preschool (Age 3): ELA,Reading Foundational Skills - Phonics,Beginning Letter Sounds,Beginning Sound w,Practice 1,,95%,67%,100%
Preschool (Age 3): ELA,Reading Foundational Skills - Phonics,Beginning Letter Sounds,Beginning Sound w,Practice 2,,100%,67%,100%
Preschool (Age 3): ELA,Reading Foundational Skills - Phonics,Beginning Letter Sounds,Beginning Sound w,Basic,92%,92%,67%,100%
Preschool (Age 3): ELA,Reading Foundational Skills - Phonics,Beginning Letter Sounds,Beginning Sound y,Main,86%,100%,86%,100%
Preschool (Age 3): ELA,Reading Foundational Skills - Phonics,Beginning Letter Sounds,Beginning Sound y,Practice 1,,100%,86%,100%
Preschool (Age 3): ELA,Reading Foundational Skills - Phonics,Beginning Letter Sounds,Beginning Sound y,Practice 2,,100%,86%,100%
Preschool (Age 3): ELA,Reading Foundational Skills - Phonics,Beginning Letter Sounds,Beginning Sound y,Basic,100%,100%,86%,100%
Preschool (Age 3): ELA,Reading Foundational Skills - Phonics,Beginning Letter Sounds,Beginning Sound z,Main,,95%,94%,100%
Preschool (Age 3): ELA,Reading Foundational Skills - Phonics,Beginning Letter Sounds,Beginning Sound z,Practice 1,95%,100%,94%,100%
Preschool (Age 3): ELA,Reading Foundational Skills - Phonics,Beginning Letter Sounds,Beginning Sound z,Practice 2,94%,100%,94%,100%
Preschool (Age 3): ELA,Reading Foundational Skills - Phonics,Beginning Letter Sounds,Beginning Sound z,Basic,100%,92%,94%,100%
Preschool (Age 3): ELA,Reading Foundational Skills - Phonics,Ending Letter Sounds,Ending Sound b,Main,100%,,100%,100%
Preschool (Age 3): ELA,Reading Foundational Skills - Phonics,Ending Letter Sounds,Ending Sound b,Practice 1,,,100%,100%
Preschool (Age 3): ELA,Reading Foundational Skills - Phonics,Ending Letter Sounds,Ending Sound b,Practice 2,,100%,100%,100%
Preschool (Age 3): ELA,Reading Foundational Skills - Phonics,Ending Letter Sounds,Ending Sound b,Basic,100%,100%,100%,100%
Preschool (Age 3): ELA,Reading Foundational Skills - Phonics,Ending Letter Sounds,Ending Sound d,Main,,,,100%
Preschool (Age 3): ELA,Reading Foundational Skills - Phonics,Ending Letter Sounds,Ending Sound d,Practice 1,,,,100%
Preschool (Age 3): ELA,Reading Foundational Skills - Phonics,Ending Letter Sounds,Ending Sound d,Practice 2,,100%,,100%
Preschool (Age 3): ELA,Reading Foundational Skills - Phonics,Ending Letter Sounds,Ending Sound d,Basic,100%,100%,,100%
Preschool (Age 3): ELA,Reading Foundational Skills - Phonics,Ending Letter Sounds,Ending Sound g,Main,,100%,,100%
Preschool (Age 3): ELA,Reading Foundational Skills - Phonics,Ending Letter Sounds,Ending Sound g,Practice 1,,,,100%
Preschool (Age 3): ELA,Reading Foundational Skills - Phonics,Ending Letter Sounds,Ending Sound g,Practice 2,,100%,,100%
Preschool (Age 3): ELA,Reading Foundational Skills - Phonics,Ending Letter Sounds,Ending Sound g,Basic,,100%,,100%
Preschool (Age 3): ELA,Reading Foundational Skills - Phonics,Ending Letter Sounds,Ending Sound k,Main,,100%,,100%
Preschool (Age 3): ELA,Reading Foundational Skills - Phonics,Ending Letter Sounds,Ending Sound k,Practice 1,,,,100%
Preschool (Age 3): ELA,Reading Foundational Skills - Phonics,Ending Letter Sounds,Ending Sound k,Practice 2,,100%,,100%
Preschool (Age 3): ELA,Reading Foundational Skills - Phonics,Ending Letter Sounds,Ending Sound k,Basic,,100%,,100%
Preschool (Age 3): ELA,Reading Foundational Skills - Phonics,Ending Letter Sounds,Ending Sound l,Main,,,,100%
Preschool (Age 3): ELA,Reading Foundational Skills - Phonics,Ending Letter Sounds,Ending Sound l,Practice 1,,,,100%
Preschool (Age 3): ELA,Reading Foundational Skills - Phonics,Ending Letter Sounds,Ending Sound l,Practice 2,,100%,,100%
Preschool (Age 3): ELA,Reading Foundational Skills - Phonics,Ending Letter Sounds,Ending Sound l,Basic,,100%,,100%
Preschool (Age 3): ELA,Reading Foundational Skills - Phonics,Ending Letter Sounds,Ending Sound m,Main,,,,100%
Preschool (Age 3): ELA,Reading Foundational Skills - Phonics,Ending Letter Sounds,Ending Sound m,Practice 1,,,,100%
Preschool (Age 3): ELA,Reading Foundational Skills - Phonics,Ending Letter Sounds,Ending Sound m,Practice 2,,100%,,100%
Preschool (Age 3): ELA,Reading Foundational Skills - Phonics,Ending Letter Sounds,Ending Sound m,Basic,,100%,,100%
Preschool (Age 3): ELA,Reading Foundational Skills - Phonics,Ending Letter Sounds,Ending Sound n,Main,,,,100%
Preschool (Age 3): ELA,Reading Foundational Skills - Phonics,Ending Letter Sounds,Ending Sound n,Practice 1,,,,100%
Preschool (Age 3): ELA,Reading Foundational Skills - Phonics,Ending Letter Sounds,Ending Sound n,Practice 2,,100%,,100%
Preschool (Age 3): ELA,Reading Foundational Skills - Phonics,Ending Letter Sounds,Ending Sound n,Basic,,100%,,100%
Preschool (Age 3): ELA,Reading Foundational Skills - Phonics,Ending Letter Sounds,Ending Sound p,Main,,,,100%
Preschool (Age 3): ELA,Reading Foundational Skills - Phonics,Ending Letter Sounds,Ending Sound p,Practice 1,,,,100%
Preschool (Age 3): ELA,Reading Foundational Skills - Phonics,Ending Letter Sounds,Ending Sound p,Practice 2,,100%,,100%
Preschool (Age 3): ELA,Reading Foundational Skills - Phonics,Ending Letter Sounds,Ending Sound p,Basic,,100%,,100%
Preschool (Age 3): ELA,Reading Foundational Skills - Phonics,Ending Letter Sounds,Ending Sound s,Main,,,,100%
Preschool (Age 3): ELA,Reading Foundational Skills - Phonics,Ending Letter Sounds,Ending Sound s,Practice 1,,,,100%
Preschool (Age 3): ELA,Reading Foundational Skills - Phonics,Ending Letter Sounds,Ending Sound s,Practice 2,,100%,,100%
Preschool (Age 3): ELA,Reading Foundational Skills - Phonics,Ending Letter Sounds,Ending Sound s,Basic,,100%,,100%
Preschool (Age 3): ELA,Reading Foundational Skills - Phonics,Ending Letter Sounds,Ending Sound t,Main,,,,100%
Preschool (Age 3): ELA,Reading Foundational Skills - Phonics,Ending Letter Sounds,Ending Sound t,Practice 1,,,,100%
Preschool (Age 3): ELA,Reading Foundational Skills - Phonics,Ending Letter Sounds,Ending Sound t,Practice 2,,100%,,100%
Preschool (Age 3): ELA,Reading Foundational Skills - Phonics,Ending Letter Sounds,Ending Sound t,Basic,,89%,,100%
Preschool (Age 3): ELA,Reading Foundational Skills - Phonics,Ending Letter Sounds,Ending Sound x,Main,,,,95%
Preschool (Age 3): ELA,Reading Foundational Skills - Phonics,Ending Letter Sounds,Ending Sound x,Practice 1,,,,95%
Preschool (Age 3): ELA,Reading Foundational Skills - Phonics,Ending Letter Sounds,Ending Sound x,Practice 2,,95%,,95%
Preschool (Age 3): ELA,Reading Foundational Skills - Phonics,Ending Letter Sounds,Ending Sound x,Basic,,100%,,95%
Preschool (Age 3): ELA,Reading Foundational Skills - Phonics,Short Vowel Sounds,Short Vowel Sound a,Main,,100%,,100%
Preschool (Age 3): ELA,Reading Foundational Skills - Phonics,Short Vowel Sounds,Short Vowel Sound a,Practice 1,,100%,,100%
Preschool (Age 3): ELA,Reading Foundational Skills - Phonics,Short Vowel Sounds,Short Vowel Sound a,Basic,,100%,,100%
Preschool (Age 3): ELA,Reading Foundational Skills - Phonics,Short Vowel Sounds,Short Vowel Sound e,Main,,100%,,100%
Preschool (Age 3): ELA,Reading Foundational Skills - Phonics,Short Vowel Sounds,Short Vowel Sound e,Practice 1,,100%,,100%
Preschool (Age 3): ELA,Reading Foundational Skills - Phonics,Short Vowel Sounds,Short Vowel Sound e,Basic,,100%,,100%
Preschool (Age 3): ELA,Reading Foundational Skills - Phonics,Short Vowel Sounds,Short Vowel Sound i,Main,,100%,,84%
Preschool (Age 3): ELA,Reading Foundational Skills - Phonics,Short Vowel Sounds,Short Vowel Sound i,Practice 1,,84%,,84%
Preschool (Age 3): ELA,Reading Foundational Skills - Phonics,Short Vowel Sounds,Short Vowel Sound i,Basic,,100%,,84%
Preschool (Age 3): ELA,Reading Foundational Skills - Phonics,Short Vowel Sounds,Short Vowel Sound o,Main,,100%,,100%
Preschool (Age 3): ELA,Reading Foundational Skills - Phonics,Short Vowel Sounds,Short Vowel Sound o,Practice 1,,100%,,100%
Preschool (Age 3): ELA,Reading Foundational Skills - Phonics,Short Vowel Sounds,Short Vowel Sound o,Basic,,100%,,100%
Preschool (Age 3): ELA,Reading Foundational Skills - Phonics,Short Vowel Sounds,Short Vowel Sound u,Main,,100%,,100%
Preschool (Age 3): ELA,Reading Foundational Skills - Phonics,Short Vowel Sounds,Short Vowel Sound u,Practice 1,,100%,,100%
Preschool (Age 3): ELA,Reading Foundational Skills - Phonics,Short Vowel Sounds,Short Vowel Sound u,Basic,,100%,,100%
Preschool (Age 3): ELA,Reading Foundational Skills - Phonics,CVC Words - Beginning Sounds,"Words with b, c, d",Main,92%,100%,92%,92%
Preschool (Age 3): ELA,Reading Foundational Skills - Phonics,CVC Words - Beginning Sounds,"Words with b, c, d",Practice 1,,92%,92%,92%
Preschool (Age 3): ELA,Reading Foundational Skills - Phonics,CVC Words - Beginning Sounds,"Words with b, c, d",Practice 2,,83%,92%,92%
Preschool (Age 3): ELA,Reading Foundational Skills - Phonics,CVC Words - Beginning Sounds,"Words with f, g, h",Main,,100%,,83%
Preschool (Age 3): ELA,Reading Foundational Skills - Phonics,CVC Words - Beginning Sounds,"Words with f, g, h",Practice 1,,89%,,83%
Preschool (Age 3): ELA,Reading Foundational Skills - Phonics,CVC Words - Beginning Sounds,"Words with f, g, h",Practice 2,,83%,,83%
Preschool (Age 3): ELA,Reading Foundational Skills - Phonics,CVC Words - Beginning Sounds,"Words with j, k, l",Main,,92%,,92%
Preschool (Age 3): ELA,Reading Foundational Skills - Phonics,CVC Words - Beginning Sounds,"Words with j, k, l",Practice 1,,92%,,92%
Preschool (Age 3): ELA,Reading Foundational Skills - Phonics,CVC Words - Beginning Sounds,"Words with j, k, l",Practice 2,,83%,,92%
Preschool (Age 3): ELA,Reading Foundational Skills - Phonics,CVC Words - Beginning Sounds,"Words with m, n, p",Main,,83%,,81%
Preschool (Age 3): ELA,Reading Foundational Skills - Phonics,CVC Words - Beginning Sounds,"Words with m, n, p",Practice 1,,81%,,81%
Preschool (Age 3): ELA,Reading Foundational Skills - Phonics,CVC Words - Beginning Sounds,"Words with m, n, p",Practice 2,,83%,,81%
Preschool (Age 3): ELA,Reading Foundational Skills - Phonics,CVC Words - Beginning Sounds,Other Words,Main,,92%,,92%
Preschool (Age 3): ELA,Reading Foundational Skills - Phonics,CVC Words - Beginning Sounds,Other Words,Practice 1,,100%,,92%
Preschool (Age 3): ELA,Reading Foundational Skills - Phonics,CVC Words - Beginning Sounds,Other Words,Practice 2,,83%,,92%
Preschool (Age 3): ELA,Reading Foundational Skills - Phonics,CVC Words - Ending Sounds,Words with b & d,Main,,89%,,89%
Preschool (Age 3): ELA,Reading Foundational Skills - Phonics,CVC Words - Ending Sounds,Words with b & d,Practice 1,,100%,,89%
Preschool (Age 3): ELA,Reading Foundational Skills - Phonics,CVC Words - Ending Sounds,Words with b & d,Practice 2,,,,89%
Preschool (Age 3): ELA,Reading Foundational Skills - Phonics,CVC Words - Ending Sounds,Words with g & k,Main,,83%,,83%
Preschool (Age 3): ELA,Reading Foundational Skills - Phonics,CVC Words - Ending Sounds,Words with g & k,Practice 1,,83%,,83%
Preschool (Age 3): ELA,Reading Foundational Skills - Phonics,CVC Words - Ending Sounds,Words with g & k,Practice 2,,,,83%
Preschool (Age 3): ELA,Reading Foundational Skills - Phonics,CVC Words - Ending Sounds,Words with m & n,Main,,100%,,100%
Preschool (Age 3): ELA,Reading Foundational Skills - Phonics,CVC Words - Ending Sounds,Words with m & n,Practice 1,,56%,,100%
Preschool (Age 3): ELA,Reading Foundational Skills - Phonics,CVC Words - Ending Sounds,Words with m & n,Practice 2,,,,100%
Preschool (Age 3): ELA,Reading Foundational Skills - Phonics,CVC Words - Ending Sounds,Words with p & s,Main,,83%,,83%
Preschool (Age 3): ELA,Reading Foundational Skills - Phonics,CVC Words - Ending Sounds,Words with p & s,Practice 1,,83%,,83%
Preschool (Age 3): ELA,Reading Foundational Skills - Phonics,CVC Words - Ending Sounds,Words with p & s,Practice 2,,,,83%
Preschool (Age 3): ELA,Reading Foundational Skills - Phonics,CVC Words - Ending Sounds,Words with t & x,Main,,83%,,89%
Preschool (Age 3): ELA,Reading Foundational Skills - Phonics,CVC Words - Ending Sounds,Words with t & x,Practice 1,,89%,,89%
Preschool (Age 3): ELA,Reading Foundational Skills - Phonics,CVC Words - Ending Sounds,Words with t & x,Practice 2,,,,89%
Preschool (Age 3): ELA,Reading Foundational Skills - Phonics,CVC Words - Middle Sounds,Words with a,Main,,75%,,88%
Preschool (Age 3): ELA,Reading Foundational Skills - Phonics,CVC Words - Middle Sounds,Words with a,Practice 1,,88%,,88%
Preschool (Age 3): ELA,Reading Foundational Skills - Phonics,CVC Words - Middle Sounds,Words with a,Practice 2,,,,88%
Preschool (Age 3): ELA,Reading Foundational Skills - Phonics,CVC Words - Middle Sounds,Words with e,Main,,100%,,83%
Preschool (Age 3): ELA,Reading Foundational Skills - Phonics,CVC Words - Middle Sounds,Words with e,Practice 1,,83%,,83%
Preschool (Age 3): ELA,Reading Foundational Skills - Phonics,CVC Words - Middle Sounds,Words with e,Practice 2,,,,83%
Preschool (Age 3): ELA,Reading Foundational Skills - Phonics,CVC Words - Middle Sounds,Words with i,Main,,100%,,100%
Preschool (Age 3): ELA,Reading Foundational Skills - Phonics,CVC Words - Middle Sounds,Words with i,Practice 1,,100%,,100%
Preschool (Age 3): ELA,Reading Foundational Skills - Phonics,CVC Words - Middle Sounds,Words with i,Practice 2,,,,100%
Preschool (Age 3): ELA,Reading Foundational Skills - Phonics,CVC Words - Middle Sounds,Words with o,Main,,100%,,88%
Preschool (Age 3): ELA,Reading Foundational Skills - Phonics,CVC Words - Middle Sounds,Words with o,Practice 1,,88%,,88%
Preschool (Age 3): ELA,Reading Foundational Skills - Phonics,CVC Words - Middle Sounds,Words with o,Practice 2,,,,88%
Preschool (Age 3): ELA,Reading Foundational Skills - Phonics,CVC Words - Middle Sounds,Words with u,Main,,88%,,88%
Preschool (Age 3): ELA,Reading Foundational Skills - Phonics,CVC Words - Middle Sounds,Words with u,Practice 1,,88%,,88%
Preschool (Age 3): ELA,Reading Foundational Skills - Phonics,CVC Words - Middle Sounds,Words with u,Practice 2,,,,88%
Preschool (Age 3): ELA,Writing,"Writing Lines, Letters, Words",Draw Lines,Direct,,,,
Preschool (Age 3): ELA,Writing,"Writing Lines, Letters, Words","Draw Lines, Shapes",Direct,,,,
Preschool (Age 3): ELA,Writing,"Writing Lines, Letters, Words","Letters, Numbers",Direct,,,,
Preschool (Age 3): ELA,Writing,"Writing Lines, Letters, Words",Write Words,Direct,,,,
Preschool (Age 3): ELA,Writing,"Writing Lines, Letters, Words",Lines and Circles,Direct,,,,
Preschool (Age 3): ELA,Language,Vocabulary & Sorting Objects,Farm Animals,Main,,85%,,100%
Preschool (Age 3): ELA,Language,Vocabulary & Sorting Objects,Farm Animals,Practice 1,,100%,,100%
Preschool (Age 3): ELA,Language,Vocabulary & Sorting Objects,Farm Animals,Practice 2,,,,100%
Preschool (Age 3): ELA,Language,Vocabulary & Sorting Objects,Vehicles,Main,,92%,,92%
Preschool (Age 3): ELA,Language,Vocabulary & Sorting Objects,Vehicles,Practice 1,,88%,,92%
Preschool (Age 3): ELA,Language,Vocabulary & Sorting Objects,Vehicles,Practice 2,,,,92%
Preschool (Age 3): ELA,Language,Vocabulary & Sorting Objects,Food,Main,,100%,,100%
Preschool (Age 3): ELA,Language,Vocabulary & Sorting Objects,Food,Practice 1,,,,100%
Preschool (Age 3): ELA,Language,Vocabulary & Sorting Objects,Around the House,Direct,,100%,,100%
Preschool (Age 3): ELA,Language,Vocabulary & Sorting Objects,Animals & Colors,Main,,100%,,100%
Preschool (Age 3): ELA,Language,Vocabulary & Sorting Objects,Animals & Colors,Practice 1,,,,100%
Preschool (Age 3): ELA,Language,Vocabulary & Sorting Objects,Animals & Colors,Practice 2,,,,100%
Preschool (Age 3): ELA,Language,Vocabulary & Sorting Objects,Weather,Main,,88%,,83%
Preschool (Age 3): ELA,Language,Vocabulary & Sorting Objects,Weather,Practice 1,,83%,,83%
Preschool (Age 3): ELA,Language,Vocabulary & Sorting Objects,Weather,Practice 2,,,,83%
Preschool (Age 3): ELA,Language,Vocabulary & Sorting Objects,Fruit,Main,,100%,,100%
Preschool (Age 3): ELA,Language,Vocabulary & Sorting Objects,Fruit,Practice 1,,,,100%
Preschool (Age 3): ELA,Language,Vocabulary & Sorting Objects,Jungle Animals,Main,,100%,,100%
Preschool (Age 3): ELA,Language,Vocabulary & Sorting Objects,Jungle Animals,Practice 1,,,,100%
Preschool (Age 3): ELA,Language,Vocabulary & Sorting Objects,Jungle Animals,Practice 2,,,,100%
Preschool (Age 3): ELA,Language,Vocabulary & Sorting Objects,Kitchen,Direct,,100%,,100%
Preschool (Age 3): ELA,Language,Vocabulary & Sorting Objects,Outdoors,Main,,100%,,100%
Preschool (Age 3): ELA,Language,Opposites,Opposites 1,Direct,,Viewed,,Viewed
Preschool (Age 3): ELA,Language,Opposites,Opposites 2,Direct,,Viewed,,Viewed
Preschool (Age 3): ELA,Language,Opposites,Opposites 3,Direct,,Viewed,,Viewed
Preschool (Age 3): ELA,Reading Literature,Early Readers,Mud,Direct,,,,
Preschool (Age 3): ELA,Reading Literature,Early Readers,Sad Ollo,Direct,,,,
Preschool (Age 3): ELA,Reading Literature,Early Readers,The Big Bed,Direct,,Viewed,,Viewed
Preschool (Age 3): ELA,Reading Literature,Early Readers,Reya's Bug,Direct,,Viewed,,Viewed
Preschool (Age 3): ELA,Reading Literature,Early Readers,What Is It?,Direct,,Viewed,,Viewed
Preschool (Age 3): ELA,Reading Literature,Early Readers,Jam in the Vat,Direct,,Viewed,,Viewed
Preschool (Age 3): ELA,Reading Literature,Early Readers,So Hot,Direct,,,,
Preschool (Age 3): ELA,Reading Literature,Early Readers,Hop Hop Hop,Direct,,Viewed,,Viewed
Preschool (Age 3): ELA,Reading Literature,Early Readers,The Cup Is Up,Direct,,Viewed,,Viewed
Preschool (Age 3): ELA,Reading Literature,Early Readers,Look At My Pen,Direct,,,,
Preschool (Age 3): ELA,Reading Literature,Early Readers,Look at It Go,Direct,,,,
Preschool (Age 3): ELA,Reading Literature,Early Readers,Come On,Direct,,,,
Preschool (Age 3): ELA,Reading Literature,Early Readers,Peck's Big Day,Direct,,Viewed,,Viewed
Preschool (Age 3): ELA,Reading Literature,Early Readers,Gum on the Rug,Direct,,,,
Preschool (Age 3): ELA,Reading Literature,Early Readers,Fun to Read,Direct,,,,
Preschool (Age 3): ELA,Reading Literature,Early Readers,The Big Fish,Direct,,,,
Preschool (Age 3): ELA,Reading Literature,Early Readers,The Box,Direct,,Viewed,,Viewed
Preschool (Age 3): ELA,Reading Literature,Early Readers,Race to the Lake,Direct,,,,
Preschool (Age 3): ELA,Reading Literature,Early Readers,A Nice Day,Direct,,,,
Preschool (Age 3): ELA,Reading Literature,Early Readers,Ollo's Bike,Direct,,,,
Preschool (Age 3): ELA,Reading Literature,Early Readers,Peck Plays a Tune,Direct,,,,
Preschool (Age 3): ELA,Reading Literature,Stories,Play Ball,Direct,,Viewed,,Viewed
Preschool (Age 3): ELA,Reading Literature,Stories,Something New,Direct,,Viewed,,Viewed
Preschool (Age 3): ELA,Reading Literature,Stories,Why,Direct,,Viewed,,Viewed
Preschool (Age 3): ELA,Reading Literature,Stories,Being Together,Direct,,Viewed,,Viewed
Preschool (Age 3): ELA,Reading Literature,Stories,Cool Beans,Direct,,Viewed,,Viewed
Preschool (Age 3): ELA,Reading Informational Text,Non-Fiction: Animals,Baby Dogs,Direct,,Viewed,,Viewed
Preschool (Age 3): ELA,Reading Informational Text,Non-Fiction: Animals,Baby Horses,Direct,,Viewed,,Viewed
Preschool (Age 3): ELA,Reading Informational Text,Non-Fiction: Animals,Baby Tigers,Direct,,Viewed,,Viewed
Preschool (Age 3): ELA,Reading Informational Text,Non-Fiction: Animals,Baby Ducks,Direct,,Viewed,,Viewed
Preschool (Age 3): ELA,Reading Informational Text,Non-Fiction: Animals,Baby Gorillas,Direct,,Viewed,,Viewed
Preschool (Age 3): ELA,Reading Informational Text,Non-Fiction: Animals,Kangaroos,Direct,,Viewed,,Viewed
Preschool (Age 3): ELA,Reading Informational Text,Non-Fiction: Animals,Baby Hippos,Direct,,Viewed,,Viewed
Preschool (Age 3): ELA,Reading Informational Text,Non-Fiction: Animals,Baby Pandas,Direct,,Viewed,,Viewed
Preschool (Age 3): ELA,Reading Informational Text,Non-Fiction: Animals,Baby Elephants,Direct,,Viewed,,Viewed
Preschool (Age 3): ELA,Reading Informational Text,Non-Fiction: Animals,Snakes,Direct,,Viewed,,Viewed
Preschool (Age 3): ELA,Reading Informational Text,Non-Fiction: Animals,Butterflies,Direct,,Viewed,,Viewed
Preschool (Age 3): ELA,Reading Informational Text,Non-Fiction: Animals,Baby Rabbits,Direct,,Viewed,,Viewed
Preschool (Age 3): ELA,Reading Informational Text,Non-Fiction: Animals,Baby Pigs,Direct,,Viewed,,Viewed
Preschool (Age 3): ELA,Reading Informational Text,Non-Fiction: Animals,Baby Cats,Direct,,Viewed,,Viewed
Preschool (Age 3): ELA,Reading Informational Text,Non-Fiction: Animals,Baby Koalas,Direct,,Viewed,,Viewed
Preschool (Age 3): ELA,Reading Informational Text,Non-Fiction: Animals,Weasels,Direct,,Viewed,,Viewed
Preschool (Age 3): ELA,Reading Informational Text,Non-Fiction: Animals,Baby Zebras,Direct,,Viewed,,Viewed
Preschool (Age 3): ELA,Reading Informational Text,Non-Fiction: Animals,Sea Otters,Direct,,Viewed,,Viewed
Preschool (Age 3): ELA,Reading Informational Text,Non-Fiction: Animals,Baby Monkeys,Direct,,Viewed,,Viewed
Preschool (Age 3): ELA,Reading Informational Text,Non-Fiction: Animals,Toucans,Direct,,Viewed,,Viewed
Preschool (Age 3): ELA,Reading Informational Text,Non-Fiction: Animals,Baby Bears,Direct,,Viewed,,Viewed
Preschool (Age 3): ELA,Reading Informational Text,Non-Fiction: Animals,Red Pandas,Direct,,Viewed,,Viewed
Preschool (Age 3): ELA,Reading Informational Text,Non-Fiction: Animals,Flamingos,Direct,,Viewed,,Viewed
Preschool (Age 3): ELA,Reading Informational Text,Non-Fiction: Animals,Cockroaches,Direct,,Viewed,,Viewed
Preschool (Age 3): ELA,Reading Informational Text,Non-Fiction: Animals,Baby Lions,Direct,,Viewed,,Viewed
Preschool (Age 3): ELA,Reading Informational Text,Non-Fiction: Animals,Salamanders,Direct,,Viewed,,Viewed
Preschool (Age 3): ELA,Reading Informational Text,Non-Fiction: Animals,Chameleons,Direct,,Viewed,,Viewed
Preschool (Age 3): ELA,Reading Informational Text,Non-Fiction: Animals,Seal Pups,Direct,,Viewed,,Viewed
Preschool (Age 3): ELA,Reading Informational Text,Non-Fiction: Animals,Orangutans,Direct,,Viewed,,Viewed
Preschool (Age 3): ELA,Reading Informational Text,Non-Fiction: Animals,Baby Cheetahs,Direct,,Viewed,,Viewed
Preschool (Age 3): ELA,Reading Informational Text,Non-Fiction: Animals,Baby Penguins,Direct,,Viewed,,Viewed
Preschool (Age 3): ELA,Reading Informational Text,Non-Fiction: Animals,Monster Cranes,Direct,,Viewed,,Viewed
Preschool (Age 3): ELA,Reading Informational Text,Non-Fiction: Animals,Spider Monkeys,Direct,,Viewed,,Viewed
Preschool (Age 3): ELA,Reading Informational Text,Non-Fiction: Animals,Peacocks,Direct,,Viewed,,Viewed
Preschool (Age 3): ELA,Reading Informational Text,Non-Fiction: Animals,Hedgehogs,Direct,,Viewed,,Viewed
Preschool (Age 3): ELA,Reading Informational Text,Non-Fiction: Animals,Hummingbirds,Direct,,Viewed,,Viewed
Preschool (Age 3): ELA,Reading Informational Text,Non-Fiction: Animals,Baby Owls,Direct,,Viewed,,Viewed
Preschool (Age 3): ELA,Reading Informational Text,Non-Fiction: Animals,Raccoons,Direct,,Viewed,,Viewed
Preschool (Age 3): ELA,Reading Informational Text,Non-Fiction: Animals,Polar Bears,Direct,,Viewed,,Viewed
Preschool (Age 3): ELA,Reading Informational Text,Non-Fiction: Animals,Spring,Direct,,Viewed,,Viewed
Preschool (Age 3): ELA,Reading Informational Text,Non-Fiction: Animals,Bats,Direct,,Viewed,,Viewed
Preschool (Age 3): ELA,Reading Informational Text,Non-Fiction: Animals,Tree Frogs,Direct,,Viewed,,Viewed
Preschool (Age 3): ELA,Reading Informational Text,Non-Fiction: Animals,Snails,Direct,,Viewed,,Viewed
Preschool (Age 3): ELA,Reading Informational Text,Non-Fiction: Animals,Wild Turkeys,Direct,,Viewed,,Viewed
Preschool (Age 3): ELA,Reading Informational Text,Non-Fiction: Animals,Earthworms,Direct,,Viewed,,Viewed
Preschool (Age 3): ELA,Reading Informational Text,Non-Fiction: Animals,Baby Giraffes,Direct,,Viewed,,Viewed
Preschool (Age 3): ELA,Reading Informational Text,Non-Fiction: Animals,Moose,Direct,,Viewed,,Viewed
Preschool (Age 3): ELA,Reading Informational Text,Non-Fiction: Vehicles,Monster Cars,Direct,,Viewed,,Viewed
Preschool (Age 3): ELA,Reading Informational Text,Non-Fiction: Vehicles,Monster Dump Truck,Direct,,Viewed,,Viewed
Preschool (Age 3): ELA,Reading Informational Text,Non-Fiction: Vehicles,Monster Diggers,Direct,,Viewed,,Viewed
Preschool (Age 3): ELA,Reading Informational Text,Non-Fiction: Vehicles,Monster Ships,Direct,,Viewed,,Viewed
Preschool (Age 3): ELA,Reading Informational Text,Non-Fiction: Vehicles,Monster Trains,Direct,,Viewed,,Viewed
Preschool (Age 3): ELA,Reading Informational Text,Non-Fiction: Vehicles,Monster Trucks,Direct,,Viewed,,Viewed
Preschool (Age 3): ELA,Reading Informational Text,National Geographic Young Explorer,Leaf Cutter Ants,Direct,,Viewed,,Viewed
Preschool (Age 3): ELA,Reading Informational Text,National Geographic Young Explorer,Seeds Grow,Direct,,Viewed,,Viewed
Preschool (Age 3): ELA,Reading Informational Text,National Geographic Young Explorer,Food for Fido,Direct,,,,
Preschool (Age 3): ELA,Reading Informational Text,National Geographic Young Explorer,Looking at Eggs,Direct,,Viewed,,Viewed
Preschool (Age 3): ELA,Reading Informational Text,National Geographic Young Explorer,Baby on Board,Direct,,Viewed,,Viewed
Preschool (Age 3): ELA,Reading Informational Text,National Geographic Young Explorer,Out at Night,Direct,,Viewed,,Viewed
Preschool (Age 3): ELA,Reading Informational Text,National Geographic Young Explorer,Animal Groups,Direct,,Viewed,,Viewed
Preschool (Age 3): ELA,Reading Informational Text,National Geographic Young Explorer,Walk with Camels,Direct,,Viewed,,Viewed
Preschool (Age 3): ELA,Reading Informational Text,National Geographic Young Explorer,Bird Beaks,Direct,,Viewed,,Viewed
Preschool (Age 3): ELA,Reading Informational Text,National Geographic Young Explorer,Beaver Builders,Direct,,Viewed,,Viewed
Preschool (Age 3): ELA,Reading Informational Text,National Geographic Young Explorer,Drip Drop,Direct,,Viewed,,Viewed
Preschool (Age 3): ELA,Reading Informational Text,National Geographic Young Explorer,On the Move,Direct,,Viewed,,Viewed
Preschool (Age 3): ELA,Reading Informational Text,National Geographic Young Explorer,Plates on My Plate,Direct,,Viewed,,Viewed
Preschool (Age 3): ELA,Reading Informational Text,National Geographic Young Explorer,Push Push Pull,Direct,,Viewed,,Viewed
Preschool (Age 4): ELA,Reading Foundational Skills,Print Concepts: Parts of a Book,Title & Author,Main,,,,
Preschool (Age 4): ELA,Reading Foundational Skills,Print Concepts: Parts of a Book,Title & Author,Practice 1,,,,
Preschool (Age 4): ELA,Reading Foundational Skills,Print Concepts: Parts of a Book,Title & Author,Practice 2,,,,
Preschool (Age 4): ELA,Reading Foundational Skills,Print Concepts: Parts of a Book,Title & Author,Basic,,,,
Preschool (Age 4): ELA,Reading Foundational Skills,Print Concepts: Parts of a Book,Book Pages,Main,,,,
Preschool (Age 4): ELA,Reading Foundational Skills,Print Concepts: Parts of a Book,Book Pages,Practice 1,,,,
Preschool (Age 4): ELA,Reading Foundational Skills,Print Concepts: Parts of a Book,Book Pages,Practice 2,,,,
Preschool (Age 4): ELA,Reading Foundational Skills,Print Concepts: Parts of a Book,Book Pages,Basic,,,,
Preschool (Age 4): ELA,Reading Foundational Skills,"Print Concepts: Words, Letters",Words on Signs 1,Main,,,,100%
Preschool (Age 4): ELA,Reading Foundational Skills,"Print Concepts: Words, Letters",Words on Signs 1,Practice 1,,,,100%
Preschool (Age 4): ELA,Reading Foundational Skills,"Print Concepts: Words, Letters",Words on Signs 1,Practice 2,,100%,,100%
Preschool (Age 4): ELA,Reading Foundational Skills,"Print Concepts: Words, Letters",Words on Signs 1,Basic,,,,100%
Preschool (Age 4): ELA,Reading Foundational Skills,"Print Concepts: Words, Letters",Words on Signs 2,Main,,,,100%
Preschool (Age 4): ELA,Reading Foundational Skills,"Print Concepts: Words, Letters",Words on Signs 2,Practice 1,,,,100%
Preschool (Age 4): ELA,Reading Foundational Skills,"Print Concepts: Words, Letters",Words on Signs 2,Practice 2,,100%,,100%
Preschool (Age 4): ELA,Reading Foundational Skills,"Print Concepts: Words, Letters",Words on Signs 2,Basic,,,,100%
Preschool (Age 4): ELA,Reading Foundational Skills,"Print Concepts: Words, Letters",Writing Words,Direct,,,,
Preschool (Age 4): ELA,Reading Foundational Skills,"Print Concepts: Words, Letters",Letters & Words,Main,,,,87%
Preschool (Age 4): ELA,Reading Foundational Skills,"Print Concepts: Words, Letters",Letters & Words,Practice 1,,,,87%
Preschool (Age 4): ELA,Reading Foundational Skills,"Print Concepts: Words, Letters",Letters & Words,Practice 2,,87%,,87%
Preschool (Age 4): ELA,Reading Foundational Skills,"Print Concepts: Words, Letters",Letters & Words,Basic,,,,87%
Preschool (Age 4): ELA,Reading Foundational Skills,Phonological Awareness: Rhyming,Rhyming,Main,,,,
Preschool (Age 4): ELA,Reading Foundational Skills,Phonological Awareness: Rhyming,Rhyming,Practice 1,,,,
Preschool (Age 4): ELA,Reading Foundational Skills,Phonological Awareness: Rhyming,Rhyming,Practice 2,,,,
Preschool (Age 4): ELA,Reading Foundational Skills,Phonological Awareness: Rhyming,Rhyming,Basic,,,,
Preschool (Age 4): ELA,Reading Foundational Skills,Phonological Awareness: Syllables,Hear Syllables,Main,,,,
Preschool (Age 4): ELA,Reading Foundational Skills,Phonological Awareness: Syllables,Hear Syllables,Practice 1,,,,
Preschool (Age 4): ELA,Reading Foundational Skills,Phonological Awareness: Syllables,Hear Syllables,Practice 2,,,,
Preschool (Age 4): ELA,Reading Foundational Skills,Phonological Awareness: Syllables,Hear Syllables,Basic,,,,
Preschool (Age 4): ELA,Reading Foundational Skills,Phonological Awareness: Syllables,Blend Syllables,Main,,,,100%
Preschool (Age 4): ELA,Reading Foundational Skills,Phonological Awareness: Syllables,Blend Syllables,Practice 1,,,,100%
Preschool (Age 4): ELA,Reading Foundational Skills,Phonological Awareness: Syllables,Blend Syllables,Practice 2,,100%,,100%
Preschool (Age 4): ELA,Reading Foundational Skills,Phonological Awareness: Syllables,Blend Syllables,Basic,,,,100%
Preschool (Age 4): ELA,Reading Foundational Skills,Phonological Awareness: Syllables,Delete Syllables,Main,,81%,,74%
Preschool (Age 4): ELA,Reading Foundational Skills,Phonological Awareness: Syllables,Delete Syllables,Practice 1,,74%,,74%
Preschool (Age 4): ELA,Reading Foundational Skills,Phonological Awareness: Syllables,Delete Syllables,Practice 2,,83%,,74%
Preschool (Age 4): ELA,Reading Foundational Skills,Phonological Awareness: Syllables,Delete Syllables,Basic,,,,74%
Preschool (Age 4): ELA,Reading Foundational Skills,Phonological Awareness: Onset & Rime,Blend Sounds 1,Main,,95%,,93%
Preschool (Age 4): ELA,Reading Foundational Skills,Phonological Awareness: Onset & Rime,Blend Sounds 1,Practice 1,,93%,,93%
Preschool (Age 4): ELA,Reading Foundational Skills,Phonological Awareness: Onset & Rime,Blend Sounds 1,Practice 2,,100%,,93%
Preschool (Age 4): ELA,Reading Foundational Skills,Phonological Awareness: Onset & Rime,Blend Sounds 1,Basic,,100%,,93%
Preschool (Age 4): ELA,Reading Foundational Skills,Phonological Awareness: Onset & Rime,Beginning Sounds 1,Main,,,,81%
Preschool (Age 4): ELA,Reading Foundational Skills,Phonological Awareness: Onset & Rime,Beginning Sounds 1,Practice 1,,89%,,81%
Preschool (Age 4): ELA,Reading Foundational Skills,Phonological Awareness: Onset & Rime,Beginning Sounds 1,Practice 2,,81%,,81%
Preschool (Age 4): ELA,Reading Foundational Skills,Phonological Awareness: Onset & Rime,Beginning Sounds 1,Basic,,,,81%
Preschool (Age 4): ELA,Reading Foundational Skills,Phonological Awareness: Onset & Rime,Word Families,Main,,,,81%
Preschool (Age 4): ELA,Reading Foundational Skills,Phonological Awareness: Onset & Rime,Word Families,Practice 1,,81%,,81%
Preschool (Age 4): ELA,Reading Foundational Skills,Phonological Awareness: Onset & Rime,Word Families,Practice 2,,83%,,81%
Preschool (Age 4): ELA,Reading Foundational Skills,Phonological Awareness: Onset & Rime,Word Families,Basic,,,,81%
Preschool (Age 4): ELA,Reading Foundational Skills,Phonological Awareness: Three-Phoneme Words,Blend Sounds 2,Main,,81%,,100%
Preschool (Age 4): ELA,Reading Foundational Skills,Phonological Awareness: Three-Phoneme Words,Blend Sounds 2,Practice 1,,100%,,100%
Preschool (Age 4): ELA,Reading Foundational Skills,Phonological Awareness: Three-Phoneme Words,Blend Sounds 2,Practice 2,,100%,,100%
Preschool (Age 4): ELA,Reading Foundational Skills,Phonological Awareness: Three-Phoneme Words,Blend Sounds 2,Basic,85%,92%,,100%
Preschool (Age 4): ELA,Reading Foundational Skills,Phonological Awareness: Three-Phoneme Words,Beginning Sounds 2,Main,,,,76%
Preschool (Age 4): ELA,Reading Foundational Skills,Phonological Awareness: Three-Phoneme Words,Beginning Sounds 2,Practice 1,,93%,,76%
Preschool (Age 4): ELA,Reading Foundational Skills,Phonological Awareness: Three-Phoneme Words,Beginning Sounds 2,Practice 2,,76%,,76%
Preschool (Age 4): ELA,Reading Foundational Skills,Phonological Awareness: Three-Phoneme Words,Beginning Sounds 2,Basic,,100%,,76%
Preschool (Age 4): ELA,Reading Foundational Skills,Phonological Awareness: Three-Phoneme Words,Words: End Sound,Main,,,,71%
Preschool (Age 4): ELA,Reading Foundational Skills,Phonological Awareness: Three-Phoneme Words,Words: End Sound,Practice 1,,71%,,71%
Preschool (Age 4): ELA,Reading Foundational Skills,Phonological Awareness: Three-Phoneme Words,Words: End Sound,Practice 2,,,,71%
Preschool (Age 4): ELA,Reading Foundational Skills,Phonological Awareness: Three-Phoneme Words,Words: End Sound,Basic,,,,71%
Preschool (Age 4): ELA,Reading Foundational Skills,Phonological Awareness: Add Phonemes,Make New Words,Main,,,,100%
Preschool (Age 4): ELA,Reading Foundational Skills,Phonological Awareness: Add Phonemes,Make New Words,Practice 1,,94%,,100%
Preschool (Age 4): ELA,Reading Foundational Skills,Phonological Awareness: Add Phonemes,Make New Words,Practice 2,,100%,,100%
Preschool (Age 4): ELA,Reading Foundational Skills,Phonological Awareness: Add Phonemes,Make New Words,Basic,,,,100%
Preschool (Age 4): ELA,Reading Foundational Skills,Phonics: Extra Letter & Sounds Practice,Letter A Words,Direct,,Viewed,,Viewed
Preschool (Age 4): ELA,Reading Foundational Skills,Phonics: Extra Letter & Sounds Practice,Letter B Words,Direct,,Viewed,,Viewed
Preschool (Age 4): ELA,Reading Foundational Skills,Phonics: Extra Letter & Sounds Practice,Letter C Words,Direct,,Viewed,,Viewed
Preschool (Age 4): ELA,Reading Foundational Skills,Phonics: Extra Letter & Sounds Practice,Letter D Words,Direct,,Viewed,,Viewed
Preschool (Age 4): ELA,Reading Foundational Skills,Phonics: Extra Letter & Sounds Practice,Letter E Words,Direct,,Viewed,,Viewed
Preschool (Age 4): ELA,Reading Foundational Skills,Phonics: Extra Letter & Sounds Practice,Letter F Words,Direct,,Viewed,,Viewed
Preschool (Age 4): ELA,Reading Foundational Skills,Phonics: Extra Letter & Sounds Practice,Letter G Words,Direct,,Viewed,,Viewed
Preschool (Age 4): ELA,Reading Foundational Skills,Phonics: Extra Letter & Sounds Practice,Letter H Words,Direct,,Viewed,,Viewed
Preschool (Age 4): ELA,Reading Foundational Skills,Phonics: Extra Letter & Sounds Practice,Letter I Words,Direct,,,,
Preschool (Age 4): ELA,Reading Foundational Skills,Phonics: Extra Letter & Sounds Practice,Letter J Words,Direct,,Viewed,,Viewed
Preschool (Age 4): ELA,Reading Foundational Skills,Phonics: Extra Letter & Sounds Practice,Letter K Words,Direct,,,,
Preschool (Age 4): ELA,Reading Foundational Skills,Phonics: Extra Letter & Sounds Practice,Letter L Words,Direct,,,,
Preschool (Age 4): ELA,Reading Foundational Skills,Phonics: Extra Letter & Sounds Practice,Letter M Words,Direct,,Viewed,,Viewed
Preschool (Age 4): ELA,Reading Foundational Skills,Phonics: Extra Letter & Sounds Practice,Letter N Words,Direct,,Viewed,,Viewed
Preschool (Age 4): ELA,Reading Foundational Skills,Phonics: Extra Letter & Sounds Practice,Letter O Words,Direct,,,,
Preschool (Age 4): ELA,Reading Foundational Skills,Phonics: Extra Letter & Sounds Practice,Letter P Words,Direct,,,,
Preschool (Age 4): ELA,Reading Foundational Skills,Phonics: Extra Letter & Sounds Practice,Letter Q Words,Direct,,,,
Preschool (Age 4): ELA,Reading Foundational Skills,Phonics: Extra Letter & Sounds Practice,Letter R Words,Direct,,Viewed,,Viewed
Preschool (Age 4): ELA,Reading Foundational Skills,Phonics: Extra Letter & Sounds Practice,Letter S Words,Direct,,Viewed,,Viewed
Preschool (Age 4): ELA,Reading Foundational Skills,Phonics: Extra Letter & Sounds Practice,Letter T Words,Direct,,,,
Preschool (Age 4): ELA,Reading Foundational Skills,Phonics: Extra Letter & Sounds Practice,Letter U Words,Direct,,,,
Preschool (Age 4): ELA,Reading Foundational Skills,Phonics: Extra Letter & Sounds Practice,Letter V Words,Direct,,Viewed,,Viewed
Preschool (Age 4): ELA,Reading Foundational Skills,Phonics: Extra Letter & Sounds Practice,Letter W Words,Direct,,,,
Preschool (Age 4): ELA,Reading Foundational Skills,Phonics: Extra Letter & Sounds Practice,Letter X Words,Direct,,,,
Preschool (Age 4): ELA,Reading Foundational Skills,Phonics: Extra Letter & Sounds Practice,Letter Y Words,Direct,,Viewed,,Viewed
Preschool (Age 4): ELA,Reading Foundational Skills,Phonics: Extra Letter & Sounds Practice,Letter Z Words,Direct,,,,
Preschool (Age 4): ELA,Reading Foundational Skills - Phonics,Lowercase Letters,Lowercase a,Main,100%,100%,100%,100%
Preschool (Age 4): ELA,Reading Foundational Skills - Phonics,Lowercase Letters,Lowercase a,Practice 1,88%,88%,100%,100%
Preschool (Age 4): ELA,Reading Foundational Skills - Phonics,Lowercase Letters,Lowercase a,Practice 2,80%,100%,100%,100%
Preschool (Age 4): ELA,Reading Foundational Skills - Phonics,Lowercase Letters,Lowercase a,Basic,80%,80%,100%,100%
Preschool (Age 4): ELA,Reading Foundational Skills - Phonics,Lowercase Letters,Lowercase b,Main,80%,88%,100%,100%
Preschool (Age 4): ELA,Reading Foundational Skills - Phonics,Lowercase Letters,Lowercase b,Practice 1,100%,85%,100%,100%
Preschool (Age 4): ELA,Reading Foundational Skills - Phonics,Lowercase Letters,Lowercase b,Practice 2,100%,100%,100%,100%
Preschool (Age 4): ELA,Reading Foundational Skills - Phonics,Lowercase Letters,Lowercase b,Basic,100%,100%,100%,100%
Preschool (Age 4): ELA,Reading Foundational Skills - Phonics,Lowercase Letters,Lowercase c,Main,80%,80%,80%,100%
Preschool (Age 4): ELA,Reading Foundational Skills - Phonics,Lowercase Letters,Lowercase c,Practice 1,100%,100%,80%,100%
Preschool (Age 4): ELA,Reading Foundational Skills - Phonics,Lowercase Letters,Lowercase c,Practice 2,100%,100%,80%,100%
Preschool (Age 4): ELA,Reading Foundational Skills - Phonics,Lowercase Letters,Lowercase c,Basic,80%,80%,80%,100%
Preschool (Age 4): ELA,Reading Foundational Skills - Phonics,Lowercase Letters,Lowercase d,Main,80%,100%,85%,100%
Preschool (Age 4): ELA,Reading Foundational Skills - Phonics,Lowercase Letters,Lowercase d,Practice 1,85%,100%,85%,100%
Preschool (Age 4): ELA,Reading Foundational Skills - Phonics,Lowercase Letters,Lowercase d,Practice 2,100%,100%,85%,100%
Preschool (Age 4): ELA,Reading Foundational Skills - Phonics,Lowercase Letters,Lowercase d,Basic,85%,100%,85%,100%
Preschool (Age 4): ELA,Reading Foundational Skills - Phonics,Lowercase Letters,Lowercase e,Main,80%,100%,100%,100%
Preschool (Age 4): ELA,Reading Foundational Skills - Phonics,Lowercase Letters,Lowercase e,Practice 1,88%,88%,100%,100%
Preschool (Age 4): ELA,Reading Foundational Skills - Phonics,Lowercase Letters,Lowercase e,Practice 2,100%,100%,100%,100%
Preschool (Age 4): ELA,Reading Foundational Skills - Phonics,Lowercase Letters,Lowercase e,Basic,100%,100%,100%,100%
Preschool (Age 4): ELA,Reading Foundational Skills - Phonics,Lowercase Letters,Lowercase f,Main,85%,100%,88%,100%
Preschool (Age 4): ELA,Reading Foundational Skills - Phonics,Lowercase Letters,Lowercase f,Practice 1,100%,100%,88%,100%
Preschool (Age 4): ELA,Reading Foundational Skills - Phonics,Lowercase Letters,Lowercase f,Practice 2,88%,100%,88%,100%
Preschool (Age 4): ELA,Reading Foundational Skills - Phonics,Lowercase Letters,Lowercase f,Basic,100%,80%,88%,100%
Preschool (Age 4): ELA,Reading Foundational Skills - Phonics,Lowercase Letters,Lowercase g,Main,100%,80%,88%,100%
Preschool (Age 4): ELA,Reading Foundational Skills - Phonics,Lowercase Letters,Lowercase g,Practice 1,88%,100%,88%,100%
Preschool (Age 4): ELA,Reading Foundational Skills - Phonics,Lowercase Letters,Lowercase g,Practice 2,85%,100%,88%,100%
Preschool (Age 4): ELA,Reading Foundational Skills - Phonics,Lowercase Letters,Lowercase g,Basic,100%,80%,88%,100%
Preschool (Age 4): ELA,Reading Foundational Skills - Phonics,Lowercase Letters,Lowercase h,Main,100%,100%,100%,100%
Preschool (Age 4): ELA,Reading Foundational Skills - Phonics,Lowercase Letters,Lowercase h,Practice 1,100%,100%,100%,100%
Preschool (Age 4): ELA,Reading Foundational Skills - Phonics,Lowercase Letters,Lowercase h,Practice 2,100%,100%,100%,100%
Preschool (Age 4): ELA,Reading Foundational Skills - Phonics,Lowercase Letters,Lowercase h,Basic,100%,100%,100%,100%
Preschool (Age 4): ELA,Reading Foundational Skills - Phonics,Lowercase Letters,Lowercase i,Main,100%,100%,100%,100%
Preschool (Age 4): ELA,Reading Foundational Skills - Phonics,Lowercase Letters,Lowercase i,Practice 1,100%,80%,100%,100%
Preschool (Age 4): ELA,Reading Foundational Skills - Phonics,Lowercase Letters,Lowercase i,Practice 2,100%,100%,100%,100%
Preschool (Age 4): ELA,Reading Foundational Skills - Phonics,Lowercase Letters,Lowercase i,Basic,85%,85%,100%,100%
Preschool (Age 4): ELA,Reading Foundational Skills - Phonics,Lowercase Letters,Lowercase j,Main,85%,100%,80%,100%
Preschool (Age 4): ELA,Reading Foundational Skills - Phonics,Lowercase Letters,Lowercase j,Practice 1,100%,100%,80%,100%
Preschool (Age 4): ELA,Reading Foundational Skills - Phonics,Lowercase Letters,Lowercase j,Practice 2,80%,100%,80%,100%
Preschool (Age 4): ELA,Reading Foundational Skills - Phonics,Lowercase Letters,Lowercase j,Basic,100%,100%,80%,100%
Preschool (Age 4): ELA,Reading Foundational Skills - Phonics,Lowercase Letters,Lowercase k,Main,100%,80%,100%,100%
Preschool (Age 4): ELA,Reading Foundational Skills - Phonics,Lowercase Letters,Lowercase k,Practice 1,100%,100%,100%,100%
Preschool (Age 4): ELA,Reading Foundational Skills - Phonics,Lowercase Letters,Lowercase k,Practice 2,80%,100%,100%,100%
Preschool (Age 4): ELA,Reading Foundational Skills - Phonics,Lowercase Letters,Lowercase k,Basic,100%,100%,100%,100%
Preschool (Age 4): ELA,Reading Foundational Skills - Phonics,Lowercase Letters,Lowercase l,Main,88%,88%,88%,100%
Preschool (Age 4): ELA,Reading Foundational Skills - Phonics,Lowercase Letters,Lowercase l,Practice 1,88%,100%,88%,100%
Preschool (Age 4): ELA,Reading Foundational Skills - Phonics,Lowercase Letters,Lowercase l,Practice 2,85%,100%,88%,100%
Preschool (Age 4): ELA,Reading Foundational Skills - Phonics,Lowercase Letters,Lowercase l,Basic,80%,100%,88%,100%
Preschool (Age 4): ELA,Reading Foundational Skills - Phonics,Lowercase Letters,Lowercase m,Main,100%,85%,88%,100%
Preschool (Age 4): ELA,Reading Foundational Skills - Phonics,Lowercase Letters,Lowercase m,Practice 1,100%,100%,88%,100%
Preschool (Age 4): ELA,Reading Foundational Skills - Phonics,Lowercase Letters,Lowercase m,Practice 2,88%,100%,88%,100%
Preschool (Age 4): ELA,Reading Foundational Skills - Phonics,Lowercase Letters,Lowercase m,Basic,100%,80%,88%,100%
Preschool (Age 4): ELA,Reading Foundational Skills - Phonics,Lowercase Letters,Lowercase n,Main,100%,100%,80%,100%
Preschool (Age 4): ELA,Reading Foundational Skills - Phonics,Lowercase Letters,Lowercase n,Practice 1,80%,100%,80%,100%
Preschool (Age 4): ELA,Reading Foundational Skills - Phonics,Lowercase Letters,Lowercase n,Practice 2,80%,100%,80%,100%
Preschool (Age 4): ELA,Reading Foundational Skills - Phonics,Lowercase Letters,Lowercase n,Basic,100%,80%,80%,100%
Preschool (Age 4): ELA,Reading Foundational Skills - Phonics,Lowercase Letters,Lowercase o,Main,100%,80%,80%,100%
Preschool (Age 4): ELA,Reading Foundational Skills - Phonics,Lowercase Letters,Lowercase o,Practice 1,88%,100%,80%,100%
Preschool (Age 4): ELA,Reading Foundational Skills - Phonics,Lowercase Letters,Lowercase o,Practice 2,80%,100%,80%,100%
Preschool (Age 4): ELA,Reading Foundational Skills - Phonics,Lowercase Letters,Lowercase o,Basic,100%,85%,80%,100%
Preschool (Age 4): ELA,Reading Foundational Skills - Phonics,Lowercase Letters,Lowercase p,Main,100%,100%,100%,100%
Preschool (Age 4): ELA,Reading Foundational Skills - Phonics,Lowercase Letters,Lowercase p,Practice 1,88%,100%,100%,100%
Preschool (Age 4): ELA,Reading Foundational Skills - Phonics,Lowercase Letters,Lowercase p,Practice 2,100%,100%,100%,100%
Preschool (Age 4): ELA,Reading Foundational Skills - Phonics,Lowercase Letters,Lowercase p,Basic,80%,100%,100%,100%
Preschool (Age 4): ELA,Reading Foundational Skills - Phonics,Lowercase Letters,Lowercase q,Main,85%,100%,100%,100%
Preschool (Age 4): ELA,Reading Foundational Skills - Phonics,Lowercase Letters,Lowercase q,Practice 1,100%,100%,100%,100%
Preschool (Age 4): ELA,Reading Foundational Skills - Phonics,Lowercase Letters,Lowercase q,Practice 2,100%,100%,100%,100%
Preschool (Age 4): ELA,Reading Foundational Skills - Phonics,Lowercase Letters,Lowercase q,Basic,100%,100%,100%,100%
Preschool (Age 4): ELA,Reading Foundational Skills - Phonics,Lowercase Letters,Lowercase r,Main,85%,80%,100%,100%
Preschool (Age 4): ELA,Reading Foundational Skills - Phonics,Lowercase Letters,Lowercase r,Practice 1,100%,100%,100%,100%
Preschool (Age 4): ELA,Reading Foundational Skills - Phonics,Lowercase Letters,Lowercase r,Practice 2,100%,100%,100%,100%
Preschool (Age 4): ELA,Reading Foundational Skills - Phonics,Lowercase Letters,Lowercase r,Basic,100%,80%,100%,100%
Preschool (Age 4): ELA,Reading Foundational Skills - Phonics,Lowercase Letters,Lowercase s,Main,80%,100%,100%,100%
Preschool (Age 4): ELA,Reading Foundational Skills - Phonics,Lowercase Letters,Lowercase s,Practice 1,100%,80%,100%,100%
Preschool (Age 4): ELA,Reading Foundational Skills - Phonics,Lowercase Letters,Lowercase s,Practice 2,100%,100%,100%,100%
Preschool (Age 4): ELA,Reading Foundational Skills - Phonics,Lowercase Letters,Lowercase s,Basic,100%,73%,100%,100%
Preschool (Age 4): ELA,Reading Foundational Skills - Phonics,Lowercase Letters,Lowercase t,Main,88%,88%,100%,100%
Preschool (Age 4): ELA,Reading Foundational Skills - Phonics,Lowercase Letters,Lowercase t,Practice 1,100%,88%,100%,100%
Preschool (Age 4): ELA,Reading Foundational Skills - Phonics,Lowercase Letters,Lowercase t,Practice 2,100%,100%,100%,100%
Preschool (Age 4): ELA,Reading Foundational Skills - Phonics,Lowercase Letters,Lowercase t,Basic,100%,80%,100%,100%
Preschool (Age 4): ELA,Reading Foundational Skills - Phonics,Lowercase Letters,Lowercase u,Main,100%,100%,100%,100%
Preschool (Age 4): ELA,Reading Foundational Skills - Phonics,Lowercase Letters,Lowercase u,Practice 1,80%,100%,100%,100%
Preschool (Age 4): ELA,Reading Foundational Skills - Phonics,Lowercase Letters,Lowercase u,Practice 2,100%,100%,100%,100%
Preschool (Age 4): ELA,Reading Foundational Skills - Phonics,Lowercase Letters,Lowercase u,Basic,80%,80%,100%,100%
Preschool (Age 4): ELA,Reading Foundational Skills - Phonics,Lowercase Letters,Lowercase v,Main,100%,100%,80%,100%
Preschool (Age 4): ELA,Reading Foundational Skills - Phonics,Lowercase Letters,Lowercase v,Practice 1,80%,100%,80%,100%
Preschool (Age 4): ELA,Reading Foundational Skills - Phonics,Lowercase Letters,Lowercase v,Practice 2,100%,100%,80%,100%
Preschool (Age 4): ELA,Reading Foundational Skills - Phonics,Lowercase Letters,Lowercase v,Basic,85%,100%,80%,100%
Preschool (Age 4): ELA,Reading Foundational Skills - Phonics,Lowercase Letters,Lowercase w,Main,100%,100%,100%,100%
Preschool (Age 4): ELA,Reading Foundational Skills - Phonics,Lowercase Letters,Lowercase w,Practice 1,100%,80%,100%,100%
Preschool (Age 4): ELA,Reading Foundational Skills - Phonics,Lowercase Letters,Lowercase w,Practice 2,100%,100%,100%,100%
Preschool (Age 4): ELA,Reading Foundational Skills - Phonics,Lowercase Letters,Lowercase w,Basic,100%,80%,100%,100%
Preschool (Age 4): ELA,Reading Foundational Skills - Phonics,Lowercase Letters,Lowercase x,Main,100%,100%,100%,100%
Preschool (Age 4): ELA,Reading Foundational Skills - Phonics,Lowercase Letters,Lowercase x,Practice 1,88%,80%,100%,100%
Preschool (Age 4): ELA,Reading Foundational Skills - Phonics,Lowercase Letters,Lowercase x,Practice 2,85%,100%,100%,100%
Preschool (Age 4): ELA,Reading Foundational Skills - Phonics,Lowercase Letters,Lowercase x,Basic,80%,100%,100%,100%
Preschool (Age 4): ELA,Reading Foundational Skills - Phonics,Lowercase Letters,Lowercase y,Main,80%,51%,100%,51%
Preschool (Age 4): ELA,Reading Foundational Skills - Phonics,Lowercase Letters,Lowercase y,Practice 1,85%,42%,100%,51%
Preschool (Age 4): ELA,Reading Foundational Skills - Phonics,Lowercase Letters,Lowercase y,Practice 2,100%,100%,100%,51%
Preschool (Age 4): ELA,Reading Foundational Skills - Phonics,Lowercase Letters,Lowercase y,Basic,100%,100%,100%,51%
Preschool (Age 4): ELA,Reading Foundational Skills - Phonics,Lowercase Letters,Lowercase z,Main,80%,70%,100%,70%
Preschool (Age 4): ELA,Reading Foundational Skills - Phonics,Lowercase Letters,Lowercase z,Practice 1,80%,100%,100%,70%
Preschool (Age 4): ELA,Reading Foundational Skills - Phonics,Lowercase Letters,Lowercase z,Practice 2,100%,100%,100%,70%
Preschool (Age 4): ELA,Reading Foundational Skills - Phonics,Lowercase Letters,Lowercase z,Basic,100%,100%,100%,70%
Preschool (Age 4): ELA,Reading Foundational Skills - Phonics,Uppercase Letters,Uppercase A,Main,100%,76%,90%,100%
Preschool (Age 4): ELA,Reading Foundational Skills - Phonics,Uppercase Letters,Uppercase A,Practice 1,90%,83%,90%,100%
Preschool (Age 4): ELA,Reading Foundational Skills - Phonics,Uppercase Letters,Uppercase A,Practice 2,80%,100%,90%,100%
Preschool (Age 4): ELA,Reading Foundational Skills - Phonics,Uppercase Letters,Uppercase A,Basic,100%,,90%,100%
Preschool (Age 4): ELA,Reading Foundational Skills - Phonics,Uppercase Letters,Uppercase B,Main,90%,,100%,100%
Preschool (Age 4): ELA,Reading Foundational Skills - Phonics,Uppercase Letters,Uppercase B,Practice 1,90%,100%,100%,100%
Preschool (Age 4): ELA,Reading Foundational Skills - Phonics,Uppercase Letters,Uppercase B,Practice 2,100%,100%,100%,100%
Preschool (Age 4): ELA,Reading Foundational Skills - Phonics,Uppercase Letters,Uppercase B,Basic,100%,,100%,100%
Preschool (Age 4): ELA,Reading Foundational Skills - Phonics,Uppercase Letters,Uppercase C,Main,100%,50%,100%,100%
Preschool (Age 4): ELA,Reading Foundational Skills - Phonics,Uppercase Letters,Uppercase C,Practice 1,100%,73%,100%,100%
Preschool (Age 4): ELA,Reading Foundational Skills - Phonics,Uppercase Letters,Uppercase C,Practice 2,100%,100%,100%,100%
Preschool (Age 4): ELA,Reading Foundational Skills - Phonics,Uppercase Letters,Uppercase C,Basic,100%,,100%,100%
Preschool (Age 4): ELA,Reading Foundational Skills - Phonics,Uppercase Letters,Uppercase D,Main,100%,,100%,100%
Preschool (Age 4): ELA,Reading Foundational Skills - Phonics,Uppercase Letters,Uppercase D,Practice 1,100%,,100%,100%
Preschool (Age 4): ELA,Reading Foundational Skills - Phonics,Uppercase Letters,Uppercase D,Practice 2,85%,100%,100%,100%
Preschool (Age 4): ELA,Reading Foundational Skills - Phonics,Uppercase Letters,Uppercase D,Basic,100%,,100%,100%
Preschool (Age 4): ELA,Reading Foundational Skills - Phonics,Uppercase Letters,Uppercase E,Main,100%,,100%,100%
Preschool (Age 4): ELA,Reading Foundational Skills - Phonics,Uppercase Letters,Uppercase E,Practice 1,100%,,100%,100%
Preschool (Age 4): ELA,Reading Foundational Skills - Phonics,Uppercase Letters,Uppercase E,Practice 2,100%,100%,100%,100%
Preschool (Age 4): ELA,Reading Foundational Skills - Phonics,Uppercase Letters,Uppercase E,Basic,80%,,100%,100%
Preschool (Age 4): ELA,Reading Foundational Skills - Phonics,Uppercase Letters,Uppercase F,Main,90%,,100%,100%
Preschool (Age 4): ELA,Reading Foundational Skills - Phonics,Uppercase Letters,Uppercase F,Practice 1,100%,,100%,100%
Preschool (Age 4): ELA,Reading Foundational Skills - Phonics,Uppercase Letters,Uppercase F,Practice 2,100%,100%,100%,100%
Preschool (Age 4): ELA,Reading Foundational Skills - Phonics,Uppercase Letters,Uppercase F,Basic,100%,,100%,100%
Preschool (Age 4): ELA,Reading Foundational Skills - Phonics,Uppercase Letters,Uppercase G,Main,100%,,100%,100%
Preschool (Age 4): ELA,Reading Foundational Skills - Phonics,Uppercase Letters,Uppercase G,Practice 1,100%,,100%,100%
Preschool (Age 4): ELA,Reading Foundational Skills - Phonics,Uppercase Letters,Uppercase G,Practice 2,100%,100%,100%,100%
Preschool (Age 4): ELA,Reading Foundational Skills - Phonics,Uppercase Letters,Uppercase G,Basic,100%,,100%,100%
Preschool (Age 4): ELA,Reading Foundational Skills - Phonics,Uppercase Letters,Uppercase H,Main,100%,,92%,100%
Preschool (Age 4): ELA,Reading Foundational Skills - Phonics,Uppercase Letters,Uppercase H,Practice 1,100%,,92%,100%
Preschool (Age 4): ELA,Reading Foundational Skills - Phonics,Uppercase Letters,Uppercase H,Practice 2,92%,100%,92%,100%
Preschool (Age 4): ELA,Reading Foundational Skills - Phonics,Uppercase Letters,Uppercase H,Basic,100%,,92%,100%
Preschool (Age 4): ELA,Reading Foundational Skills - Phonics,Uppercase Letters,Uppercase I,Main,100%,,100%,100%
Preschool (Age 4): ELA,Reading Foundational Skills - Phonics,Uppercase Letters,Uppercase I,Practice 1,100%,,100%,100%
Preschool (Age 4): ELA,Reading Foundational Skills - Phonics,Uppercase Letters,Uppercase I,Practice 2,100%,100%,100%,100%
Preschool (Age 4): ELA,Reading Foundational Skills - Phonics,Uppercase Letters,Uppercase I,Basic,100%,,100%,100%
Preschool (Age 4): ELA,Reading Foundational Skills - Phonics,Uppercase Letters,Uppercase J,Main,100%,,100%,100%
Preschool (Age 4): ELA,Reading Foundational Skills - Phonics,Uppercase Letters,Uppercase J,Practice 1,100%,,100%,100%
Preschool (Age 4): ELA,Reading Foundational Skills - Phonics,Uppercase Letters,Uppercase J,Practice 2,100%,100%,100%,100%
Preschool (Age 4): ELA,Reading Foundational Skills - Phonics,Uppercase Letters,Uppercase J,Basic,100%,,100%,100%
Preschool (Age 4): ELA,Reading Foundational Skills - Phonics,Uppercase Letters,Uppercase K,Main,100%,,100%,100%
Preschool (Age 4): ELA,Reading Foundational Skills - Phonics,Uppercase Letters,Uppercase K,Practice 1,100%,,100%,100%
Preschool (Age 4): ELA,Reading Foundational Skills - Phonics,Uppercase Letters,Uppercase K,Practice 2,100%,100%,100%,100%
Preschool (Age 4): ELA,Reading Foundational Skills - Phonics,Uppercase Letters,Uppercase K,Basic,100%,,100%,100%
Preschool (Age 4): ELA,Reading Foundational Skills - Phonics,Uppercase Letters,Uppercase L,Main,100%,,100%,100%
Preschool (Age 4): ELA,Reading Foundational Skills - Phonics,Uppercase Letters,Uppercase L,Practice 1,100%,,100%,100%
Preschool (Age 4): ELA,Reading Foundational Skills - Phonics,Uppercase Letters,Uppercase L,Practice 2,100%,100%,100%,100%
Preschool (Age 4): ELA,Reading Foundational Skills - Phonics,Uppercase Letters,Uppercase L,Basic,100%,,100%,100%
Preschool (Age 4): ELA,Reading Foundational Skills - Phonics,Uppercase Letters,Uppercase M,Main,100%,67%,100%,100%
Preschool (Age 4): ELA,Reading Foundational Skills - Phonics,Uppercase Letters,Uppercase M,Practice 1,100%,,100%,100%
Preschool (Age 4): ELA,Reading Foundational Skills - Phonics,Uppercase Letters,Uppercase M,Practice 2,100%,100%,100%,100%
Preschool (Age 4): ELA,Reading Foundational Skills - Phonics,Uppercase Letters,Uppercase M,Basic,100%,,100%,100%
Preschool (Age 4): ELA,Reading Foundational Skills - Phonics,Uppercase Letters,Uppercase N,Main,100%,,100%,100%
Preschool (Age 4): ELA,Reading Foundational Skills - Phonics,Uppercase Letters,Uppercase N,Practice 1,100%,,100%,100%
Preschool (Age 4): ELA,Reading Foundational Skills - Phonics,Uppercase Letters,Uppercase N,Practice 2,90%,100%,100%,100%
Preschool (Age 4): ELA,Reading Foundational Skills - Phonics,Uppercase Letters,Uppercase N,Basic,100%,,100%,100%
Preschool (Age 4): ELA,Reading Foundational Skills - Phonics,Uppercase Letters,Uppercase O,Main,100%,,100%,100%
Preschool (Age 4): ELA,Reading Foundational Skills - Phonics,Uppercase Letters,Uppercase O,Practice 1,100%,,100%,100%
Preschool (Age 4): ELA,Reading Foundational Skills - Phonics,Uppercase Letters,Uppercase O,Practice 2,100%,100%,100%,100%
Preschool (Age 4): ELA,Reading Foundational Skills - Phonics,Uppercase Letters,Uppercase O,Basic,100%,,100%,100%
Preschool (Age 4): ELA,Reading Foundational Skills - Phonics,Uppercase Letters,Uppercase P,Main,100%,,100%,100%
Preschool (Age 4): ELA,Reading Foundational Skills - Phonics,Uppercase Letters,Uppercase P,Practice 1,80%,,100%,100%
Preschool (Age 4): ELA,Reading Foundational Skills - Phonics,Uppercase Letters,Uppercase P,Practice 2,100%,100%,100%,100%
Preschool (Age 4): ELA,Reading Foundational Skills - Phonics,Uppercase Letters,Uppercase P,Basic,100%,,100%,100%
Preschool (Age 4): ELA,Reading Foundational Skills - Phonics,Uppercase Letters,Uppercase Q,Main,90%,,100%,
Preschool (Age 4): ELA,Reading Foundational Skills - Phonics,Uppercase Letters,Uppercase Q,Practice 1,100%,,100%,
Preschool (Age 4): ELA,Reading Foundational Skills - Phonics,Uppercase Letters,Uppercase Q,Practice 2,100%,,100%,
Preschool (Age 4): ELA,Reading Foundational Skills - Phonics,Uppercase Letters,Uppercase Q,Basic,100%,,100%,
Preschool (Age 4): ELA,Reading Foundational Skills - Phonics,Uppercase Letters,Uppercase R,Main,100%,,100%,100%
Preschool (Age 4): ELA,Reading Foundational Skills - Phonics,Uppercase Letters,Uppercase R,Practice 1,100%,,100%,100%
Preschool (Age 4): ELA,Reading Foundational Skills - Phonics,Uppercase Letters,Uppercase R,Practice 2,100%,100%,100%,100%
Preschool (Age 4): ELA,Reading Foundational Skills - Phonics,Uppercase Letters,Uppercase R,Basic,100%,,100%,100%
Preschool (Age 4): ELA,Reading Foundational Skills - Phonics,Uppercase Letters,Uppercase S,Main,100%,,85%,100%
Preschool (Age 4): ELA,Reading Foundational Skills - Phonics,Uppercase Letters,Uppercase S,Practice 1,100%,,85%,100%
Preschool (Age 4): ELA,Reading Foundational Skills - Phonics,Uppercase Letters,Uppercase S,Practice 2,85%,100%,85%,100%
Preschool (Age 4): ELA,Reading Foundational Skills - Phonics,Uppercase Letters,Uppercase S,Basic,100%,,85%,100%
Preschool (Age 4): ELA,Reading Foundational Skills - Phonics,Uppercase Letters,Uppercase T,Main,83%,,100%,100%
Preschool (Age 4): ELA,Reading Foundational Skills - Phonics,Uppercase Letters,Uppercase T,Practice 1,90%,,100%,100%
Preschool (Age 4): ELA,Reading Foundational Skills - Phonics,Uppercase Letters,Uppercase T,Practice 2,100%,100%,100%,100%
Preschool (Age 4): ELA,Reading Foundational Skills - Phonics,Uppercase Letters,Uppercase T,Basic,100%,,100%,100%
Preschool (Age 4): ELA,Reading Foundational Skills - Phonics,Uppercase Letters,Uppercase U,Main,100%,,100%,100%
Preschool (Age 4): ELA,Reading Foundational Skills - Phonics,Uppercase Letters,Uppercase U,Practice 1,100%,,100%,100%
Preschool (Age 4): ELA,Reading Foundational Skills - Phonics,Uppercase Letters,Uppercase U,Practice 2,100%,100%,100%,100%
Preschool (Age 4): ELA,Reading Foundational Skills - Phonics,Uppercase Letters,Uppercase U,Basic,100%,,100%,100%
Preschool (Age 4): ELA,Reading Foundational Skills - Phonics,Uppercase Letters,Uppercase V,Main,100%,,100%,100%
Preschool (Age 4): ELA,Reading Foundational Skills - Phonics,Uppercase Letters,Uppercase V,Practice 1,100%,,100%,100%
Preschool (Age 4): ELA,Reading Foundational Skills - Phonics,Uppercase Letters,Uppercase V,Practice 2,100%,100%,100%,100%
Preschool (Age 4): ELA,Reading Foundational Skills - Phonics,Uppercase Letters,Uppercase V,Basic,100%,,100%,100%
Preschool (Age 4): ELA,Reading Foundational Skills - Phonics,Uppercase Letters,Uppercase W,Main,100%,,100%,100%
Preschool (Age 4): ELA,Reading Foundational Skills - Phonics,Uppercase Letters,Uppercase W,Practice 1,100%,,100%,100%
Preschool (Age 4): ELA,Reading Foundational Skills - Phonics,Uppercase Letters,Uppercase W,Practice 2,100%,100%,100%,100%
Preschool (Age 4): ELA,Reading Foundational Skills - Phonics,Uppercase Letters,Uppercase W,Basic,100%,,100%,100%
Preschool (Age 4): ELA,Reading Foundational Skills - Phonics,Uppercase Letters,Uppercase X,Main,100%,,100%,100%
Preschool (Age 4): ELA,Reading Foundational Skills - Phonics,Uppercase Letters,Uppercase X,Practice 1,100%,,100%,100%
Preschool (Age 4): ELA,Reading Foundational Skills - Phonics,Uppercase Letters,Uppercase X,Practice 2,100%,100%,100%,100%
Preschool (Age 4): ELA,Reading Foundational Skills - Phonics,Uppercase Letters,Uppercase X,Basic,100%,,100%,100%
Preschool (Age 4): ELA,Reading Foundational Skills - Phonics,Uppercase Letters,Uppercase Y,Main,100%,,100%,100%
Preschool (Age 4): ELA,Reading Foundational Skills - Phonics,Uppercase Letters,Uppercase Y,Practice 1,100%,,100%,100%
Preschool (Age 4): ELA,Reading Foundational Skills - Phonics,Uppercase Letters,Uppercase Y,Practice 2,100%,100%,100%,100%
Preschool (Age 4): ELA,Reading Foundational Skills - Phonics,Uppercase Letters,Uppercase Y,Basic,100%,,100%,100%
Preschool (Age 4): ELA,Reading Foundational Skills - Phonics,Uppercase Letters,Uppercase Z,Main,100%,,100%,100%
Preschool (Age 4): ELA,Reading Foundational Skills - Phonics,Uppercase Letters,Uppercase Z,Practice 1,100%,,100%,100%
Preschool (Age 4): ELA,Reading Foundational Skills - Phonics,Uppercase Letters,Uppercase Z,Practice 2,100%,100%,100%,100%
Preschool (Age 4): ELA,Reading Foundational Skills - Phonics,Uppercase Letters,Uppercase Z,Basic,100%,,100%,100%
Preschool (Age 4): ELA,Reading Foundational Skills - Phonics,Beginning Letter Sounds,Beginning Sound b,Main,87%,95%,100%,100%
Preschool (Age 4): ELA,Reading Foundational Skills - Phonics,Beginning Letter Sounds,Beginning Sound b,Practice 1,84%,100%,100%,100%
Preschool (Age 4): ELA,Reading Foundational Skills - Phonics,Beginning Letter Sounds,Beginning Sound b,Practice 2,100%,100%,100%,100%
Preschool (Age 4): ELA,Reading Foundational Skills - Phonics,Beginning Letter Sounds,Beginning Sound b,Basic,92%,83%,100%,100%
Preschool (Age 4): ELA,Reading Foundational Skills - Phonics,Beginning Letter Sounds,Beginning Sound c,Main,92%,100%,94%,100%
Preschool (Age 4): ELA,Reading Foundational Skills - Phonics,Beginning Letter Sounds,Beginning Sound c,Practice 1,84%,100%,94%,100%
Preschool (Age 4): ELA,Reading Foundational Skills - Phonics,Beginning Letter Sounds,Beginning Sound c,Practice 2,94%,100%,94%,100%
Preschool (Age 4): ELA,Reading Foundational Skills - Phonics,Beginning Letter Sounds,Beginning Sound c,Basic,92%,83%,94%,100%
Preschool (Age 4): ELA,Reading Foundational Skills - Phonics,Beginning Letter Sounds,Beginning Sound d,Main,86%,100%,100%,100%
Preschool (Age 4): ELA,Reading Foundational Skills - Phonics,Beginning Letter Sounds,Beginning Sound d,Practice 1,82%,100%,100%,100%
Preschool (Age 4): ELA,Reading Foundational Skills - Phonics,Beginning Letter Sounds,Beginning Sound d,Practice 2,100%,100%,100%,100%
Preschool (Age 4): ELA,Reading Foundational Skills - Phonics,Beginning Letter Sounds,Beginning Sound d,Basic,92%,100%,100%,100%
Preschool (Age 4): ELA,Reading Foundational Skills - Phonics,Beginning Letter Sounds,Beginning Sound f,Main,86%,100%,87%,100%
Preschool (Age 4): ELA,Reading Foundational Skills - Phonics,Beginning Letter Sounds,Beginning Sound f,Practice 1,88%,100%,87%,100%
Preschool (Age 4): ELA,Reading Foundational Skills - Phonics,Beginning Letter Sounds,Beginning Sound f,Practice 2,87%,100%,87%,100%
Preschool (Age 4): ELA,Reading Foundational Skills - Phonics,Beginning Letter Sounds,Beginning Sound f,Basic,92%,92%,87%,100%
Preschool (Age 4): ELA,Reading Foundational Skills - Phonics,Beginning Letter Sounds,Beginning Sound g,Main,87%,100%,100%,100%
Preschool (Age 4): ELA,Reading Foundational Skills - Phonics,Beginning Letter Sounds,Beginning Sound g,Practice 1,87%,95%,100%,100%
Preschool (Age 4): ELA,Reading Foundational Skills - Phonics,Beginning Letter Sounds,Beginning Sound g,Practice 2,100%,100%,100%,100%
Preschool (Age 4): ELA,Reading Foundational Skills - Phonics,Beginning Letter Sounds,Beginning Sound g,Basic,83%,92%,100%,100%
Preschool (Age 4): ELA,Reading Foundational Skills - Phonics,Beginning Letter Sounds,Beginning Sound h,Main,86%,92%,100%,100%
Preschool (Age 4): ELA,Reading Foundational Skills - Phonics,Beginning Letter Sounds,Beginning Sound h,Practice 1,86%,94%,100%,100%
Preschool (Age 4): ELA,Reading Foundational Skills - Phonics,Beginning Letter Sounds,Beginning Sound h,Practice 2,100%,100%,100%,100%
Preschool (Age 4): ELA,Reading Foundational Skills - Phonics,Beginning Letter Sounds,Beginning Sound h,Basic,92%,100%,100%,100%
Preschool (Age 4): ELA,Reading Foundational Skills - Phonics,Beginning Letter Sounds,Beginning Sound j,Main,84%,,84%,100%
Preschool (Age 4): ELA,Reading Foundational Skills - Phonics,Beginning Letter Sounds,Beginning Sound j,Practice 1,100%,100%,84%,100%
Preschool (Age 4): ELA,Reading Foundational Skills - Phonics,Beginning Letter Sounds,Beginning Sound j,Practice 2,,100%,84%,100%
Preschool (Age 4): ELA,Reading Foundational Skills - Phonics,Beginning Letter Sounds,Beginning Sound j,Basic,92%,83%,84%,100%
Preschool (Age 4): ELA,Reading Foundational Skills - Phonics,Beginning Letter Sounds,Beginning Sound k,Main,78%,100%,100%,100%
Preschool (Age 4): ELA,Reading Foundational Skills - Phonics,Beginning Letter Sounds,Beginning Sound k,Practice 1,100%,94%,100%,100%
Preschool (Age 4): ELA,Reading Foundational Skills - Phonics,Beginning Letter Sounds,Beginning Sound k,Practice 2,,100%,100%,100%
Preschool (Age 4): ELA,Reading Foundational Skills - Phonics,Beginning Letter Sounds,Beginning Sound k,Basic,92%,83%,100%,100%
Preschool (Age 4): ELA,Reading Foundational Skills - Phonics,Beginning Letter Sounds,Beginning Sound l,Main,100%,95%,100%,92%
Preschool (Age 4): ELA,Reading Foundational Skills - Phonics,Beginning Letter Sounds,Beginning Sound l,Practice 1,91%,92%,100%,92%
Preschool (Age 4): ELA,Reading Foundational Skills - Phonics,Beginning Letter Sounds,Beginning Sound l,Practice 2,,,100%,92%
Preschool (Age 4): ELA,Reading Foundational Skills - Phonics,Beginning Letter Sounds,Beginning Sound l,Basic,100%,83%,100%,92%
Preschool (Age 4): ELA,Reading Foundational Skills - Phonics,Beginning Letter Sounds,Beginning Sound m,Main,,94%,94%,100%
Preschool (Age 4): ELA,Reading Foundational Skills - Phonics,Beginning Letter Sounds,Beginning Sound m,Practice 1,94%,,94%,100%
Preschool (Age 4): ELA,Reading Foundational Skills - Phonics,Beginning Letter Sounds,Beginning Sound m,Practice 2,100%,100%,94%,100%
Preschool (Age 4): ELA,Reading Foundational Skills - Phonics,Beginning Letter Sounds,Beginning Sound m,Basic,92%,83%,94%,100%
Preschool (Age 4): ELA,Reading Foundational Skills - Phonics,Beginning Letter Sounds,Beginning Sound n,Main,100%,100%,95%,100%
Preschool (Age 4): ELA,Reading Foundational Skills - Phonics,Beginning Letter Sounds,Beginning Sound n,Practice 1,95%,95%,95%,100%
Preschool (Age 4): ELA,Reading Foundational Skills - Phonics,Beginning Letter Sounds,Beginning Sound n,Practice 2,60%,100%,95%,100%
Preschool (Age 4): ELA,Reading Foundational Skills - Phonics,Beginning Letter Sounds,Beginning Sound n,Basic,83%,83%,95%,100%
Preschool (Age 4): ELA,Reading Foundational Skills - Phonics,Beginning Letter Sounds,Beginning Sound p,Main,86%,92%,86%,100%
Preschool (Age 4): ELA,Reading Foundational Skills - Phonics,Beginning Letter Sounds,Beginning Sound p,Practice 1,,100%,86%,100%
Preschool (Age 4): ELA,Reading Foundational Skills - Phonics,Beginning Letter Sounds,Beginning Sound p,Practice 2,,100%,86%,100%
Preschool (Age 4): ELA,Reading Foundational Skills - Phonics,Beginning Letter Sounds,Beginning Sound p,Basic,83%,88%,86%,100%
Preschool (Age 4): ELA,Reading Foundational Skills - Phonics,Beginning Letter Sounds,Beginning Sound q,Main,84%,94%,100%,100%
Preschool (Age 4): ELA,Reading Foundational Skills - Phonics,Beginning Letter Sounds,Beginning Sound q,Practice 1,100%,92%,100%,100%
Preschool (Age 4): ELA,Reading Foundational Skills - Phonics,Beginning Letter Sounds,Beginning Sound q,Practice 2,,100%,100%,100%
Preschool (Age 4): ELA,Reading Foundational Skills - Phonics,Beginning Letter Sounds,Beginning Sound q,Basic,92%,83%,100%,100%
Preschool (Age 4): ELA,Reading Foundational Skills - Phonics,Beginning Letter Sounds,Beginning Sound r,Main,86%,100%,86%,100%
Preschool (Age 4): ELA,Reading Foundational Skills - Phonics,Beginning Letter Sounds,Beginning Sound r,Practice 1,,100%,86%,100%
Preschool (Age 4): ELA,Reading Foundational Skills - Phonics,Beginning Letter Sounds,Beginning Sound r,Practice 2,,100%,86%,100%
Preschool (Age 4): ELA,Reading Foundational Skills - Phonics,Beginning Letter Sounds,Beginning Sound r,Basic,100%,83%,86%,100%
Preschool (Age 4): ELA,Reading Foundational Skills - Phonics,Beginning Letter Sounds,Beginning Sound s,Main,86%,100%,86%,100%
Preschool (Age 4): ELA,Reading Foundational Skills - Phonics,Beginning Letter Sounds,Beginning Sound s,Practice 1,,100%,86%,100%
Preschool (Age 4): ELA,Reading Foundational Skills - Phonics,Beginning Letter Sounds,Beginning Sound s,Practice 2,,100%,86%,100%
Preschool (Age 4): ELA,Reading Foundational Skills - Phonics,Beginning Letter Sounds,Beginning Sound s,Basic,92%,92%,86%,100%
Preschool (Age 4): ELA,Reading Foundational Skills - Phonics,Beginning Letter Sounds,Beginning Sound t,Main,86%,100%,95%,100%
Preschool (Age 4): ELA,Reading Foundational Skills - Phonics,Beginning Letter Sounds,Beginning Sound t,Practice 1,95%,87%,95%,100%
Preschool (Age 4): ELA,Reading Foundational Skills - Phonics,Beginning Letter Sounds,Beginning Sound t,Practice 2,,100%,95%,100%
Preschool (Age 4): ELA,Reading Foundational Skills - Phonics,Beginning Letter Sounds,Beginning Sound t,Basic,83%,92%,95%,100%
Preschool (Age 4): ELA,Reading Foundational Skills - Phonics,Beginning Letter Sounds,Beginning Sound v,Main,95%,92%,95%,100%
Preschool (Age 4): ELA,Reading Foundational Skills - Phonics,Beginning Letter Sounds,Beginning Sound v,Practice 1,,92%,95%,100%
Preschool (Age 4): ELA,Reading Foundational Skills - Phonics,Beginning Letter Sounds,Beginning Sound v,Practice 2,,100%,95%,100%
Preschool (Age 4): ELA,Reading Foundational Skills - Phonics,Beginning Letter Sounds,Beginning Sound v,Basic,83%,92%,95%,100%
Preschool (Age 4): ELA,Reading Foundational Skills - Phonics,Beginning Letter Sounds,Beginning Sound w,Main,67%,100%,67%,100%
Preschool (Age 4): ELA,Reading Foundational Skills - Phonics,Beginning Letter Sounds,Beginning Sound w,Practice 1,,95%,67%,100%
Preschool (Age 4): ELA,Reading Foundational Skills - Phonics,Beginning Letter Sounds,Beginning Sound w,Practice 2,,100%,67%,100%
Preschool (Age 4): ELA,Reading Foundational Skills - Phonics,Beginning Letter Sounds,Beginning Sound w,Basic,92%,92%,67%,100%
Preschool (Age 4): ELA,Reading Foundational Skills - Phonics,Beginning Letter Sounds,Beginning Sound y,Main,86%,100%,86%,100%
Preschool (Age 4): ELA,Reading Foundational Skills - Phonics,Beginning Letter Sounds,Beginning Sound y,Practice 1,,100%,86%,100%
Preschool (Age 4): ELA,Reading Foundational Skills - Phonics,Beginning Letter Sounds,Beginning Sound y,Practice 2,,100%,86%,100%
Preschool (Age 4): ELA,Reading Foundational Skills - Phonics,Beginning Letter Sounds,Beginning Sound y,Basic,100%,100%,86%,100%
Preschool (Age 4): ELA,Reading Foundational Skills - Phonics,Beginning Letter Sounds,Beginning Sound z,Main,,95%,94%,100%
Preschool (Age 4): ELA,Reading Foundational Skills - Phonics,Beginning Letter Sounds,Beginning Sound z,Practice 1,95%,100%,94%,100%
Preschool (Age 4): ELA,Reading Foundational Skills - Phonics,Beginning Letter Sounds,Beginning Sound z,Practice 2,94%,100%,94%,100%
Preschool (Age 4): ELA,Reading Foundational Skills - Phonics,Beginning Letter Sounds,Beginning Sound z,Basic,100%,92%,94%,100%
Preschool (Age 4): ELA,Reading Foundational Skills - Phonics,Ending Letter Sounds,Ending Sound b,Main,100%,,100%,100%
Preschool (Age 4): ELA,Reading Foundational Skills - Phonics,Ending Letter Sounds,Ending Sound b,Practice 1,,,100%,100%
Preschool (Age 4): ELA,Reading Foundational Skills - Phonics,Ending Letter Sounds,Ending Sound b,Practice 2,,100%,100%,100%
Preschool (Age 4): ELA,Reading Foundational Skills - Phonics,Ending Letter Sounds,Ending Sound b,Basic,100%,100%,100%,100%
Preschool (Age 4): ELA,Reading Foundational Skills - Phonics,Ending Letter Sounds,Ending Sound d,Main,,,,100%
Preschool (Age 4): ELA,Reading Foundational Skills - Phonics,Ending Letter Sounds,Ending Sound d,Practice 1,,,,100%
Preschool (Age 4): ELA,Reading Foundational Skills - Phonics,Ending Letter Sounds,Ending Sound d,Practice 2,,100%,,100%
Preschool (Age 4): ELA,Reading Foundational Skills - Phonics,Ending Letter Sounds,Ending Sound d,Basic,100%,100%,,100%
Preschool (Age 4): ELA,Reading Foundational Skills - Phonics,Ending Letter Sounds,Ending Sound g,Main,,100%,,100%
Preschool (Age 4): ELA,Reading Foundational Skills - Phonics,Ending Letter Sounds,Ending Sound g,Practice 1,,,,100%
Preschool (Age 4): ELA,Reading Foundational Skills - Phonics,Ending Letter Sounds,Ending Sound g,Practice 2,,100%,,100%
Preschool (Age 4): ELA,Reading Foundational Skills - Phonics,Ending Letter Sounds,Ending Sound g,Basic,,100%,,100%
Preschool (Age 4): ELA,Reading Foundational Skills - Phonics,Ending Letter Sounds,Ending Sound k,Main,,100%,,100%
Preschool (Age 4): ELA,Reading Foundational Skills - Phonics,Ending Letter Sounds,Ending Sound k,Practice 1,,,,100%
Preschool (Age 4): ELA,Reading Foundational Skills - Phonics,Ending Letter Sounds,Ending Sound k,Practice 2,,100%,,100%
Preschool (Age 4): ELA,Reading Foundational Skills - Phonics,Ending Letter Sounds,Ending Sound k,Basic,,100%,,100%
Preschool (Age 4): ELA,Reading Foundational Skills - Phonics,Ending Letter Sounds,Ending Sound l,Main,,,,100%
Preschool (Age 4): ELA,Reading Foundational Skills - Phonics,Ending Letter Sounds,Ending Sound l,Practice 1,,,,100%
Preschool (Age 4): ELA,Reading Foundational Skills - Phonics,Ending Letter Sounds,Ending Sound l,Practice 2,,100%,,100%
Preschool (Age 4): ELA,Reading Foundational Skills - Phonics,Ending Letter Sounds,Ending Sound l,Basic,,100%,,100%
Preschool (Age 4): ELA,Reading Foundational Skills - Phonics,Ending Letter Sounds,Ending Sound m,Main,,,,100%
Preschool (Age 4): ELA,Reading Foundational Skills - Phonics,Ending Letter Sounds,Ending Sound m,Practice 1,,,,100%
Preschool (Age 4): ELA,Reading Foundational Skills - Phonics,Ending Letter Sounds,Ending Sound m,Practice 2,,100%,,100%
Preschool (Age 4): ELA,Reading Foundational Skills - Phonics,Ending Letter Sounds,Ending Sound m,Basic,,100%,,100%
Preschool (Age 4): ELA,Reading Foundational Skills - Phonics,Ending Letter Sounds,Ending Sound n,Main,,,,100%
Preschool (Age 4): ELA,Reading Foundational Skills - Phonics,Ending Letter Sounds,Ending Sound n,Practice 1,,,,100%
Preschool (Age 4): ELA,Reading Foundational Skills - Phonics,Ending Letter Sounds,Ending Sound n,Practice 2,,100%,,100%
Preschool (Age 4): ELA,Reading Foundational Skills - Phonics,Ending Letter Sounds,Ending Sound n,Basic,,100%,,100%
Preschool (Age 4): ELA,Reading Foundational Skills - Phonics,Ending Letter Sounds,Ending Sound p,Main,,,,100%
Preschool (Age 4): ELA,Reading Foundational Skills - Phonics,Ending Letter Sounds,Ending Sound p,Practice 1,,,,100%
Preschool (Age 4): ELA,Reading Foundational Skills - Phonics,Ending Letter Sounds,Ending Sound p,Practice 2,,100%,,100%
Preschool (Age 4): ELA,Reading Foundational Skills - Phonics,Ending Letter Sounds,Ending Sound p,Basic,,100%,,100%
Preschool (Age 4): ELA,Reading Foundational Skills - Phonics,Ending Letter Sounds,Ending Sound s,Main,,,,100%
Preschool (Age 4): ELA,Reading Foundational Skills - Phonics,Ending Letter Sounds,Ending Sound s,Practice 1,,,,100%
Preschool (Age 4): ELA,Reading Foundational Skills - Phonics,Ending Letter Sounds,Ending Sound s,Practice 2,,100%,,100%
Preschool (Age 4): ELA,Reading Foundational Skills - Phonics,Ending Letter Sounds,Ending Sound s,Basic,,100%,,100%
Preschool (Age 4): ELA,Reading Foundational Skills - Phonics,Ending Letter Sounds,Ending Sound t,Main,,,,100%
Preschool (Age 4): ELA,Reading Foundational Skills - Phonics,Ending Letter Sounds,Ending Sound t,Practice 1,,,,100%
Preschool (Age 4): ELA,Reading Foundational Skills - Phonics,Ending Letter Sounds,Ending Sound t,Practice 2,,100%,,100%
Preschool (Age 4): ELA,Reading Foundational Skills - Phonics,Ending Letter Sounds,Ending Sound t,Basic,,89%,,100%
Preschool (Age 4): ELA,Reading Foundational Skills - Phonics,Ending Letter Sounds,Ending Sound x,Main,,,,95%
Preschool (Age 4): ELA,Reading Foundational Skills - Phonics,Ending Letter Sounds,Ending Sound x,Practice 1,,,,95%
Preschool (Age 4): ELA,Reading Foundational Skills - Phonics,Ending Letter Sounds,Ending Sound x,Practice 2,,95%,,95%
Preschool (Age 4): ELA,Reading Foundational Skills - Phonics,Ending Letter Sounds,Ending Sound x,Basic,,100%,,95%
Preschool (Age 4): ELA,Reading Foundational Skills - Phonics,Short Vowel Sounds,Short Vowel Sound a,Main,,100%,,100%
Preschool (Age 4): ELA,Reading Foundational Skills - Phonics,Short Vowel Sounds,Short Vowel Sound a,Practice 1,,100%,,100%
Preschool (Age 4): ELA,Reading Foundational Skills - Phonics,Short Vowel Sounds,Short Vowel Sound a,Basic,,100%,,100%
Preschool (Age 4): ELA,Reading Foundational Skills - Phonics,Short Vowel Sounds,Short Vowel Sound e,Main,,100%,,100%
Preschool (Age 4): ELA,Reading Foundational Skills - Phonics,Short Vowel Sounds,Short Vowel Sound e,Practice 1,,100%,,100%
Preschool (Age 4): ELA,Reading Foundational Skills - Phonics,Short Vowel Sounds,Short Vowel Sound e,Basic,,100%,,100%
Preschool (Age 4): ELA,Reading Foundational Skills - Phonics,Short Vowel Sounds,Short Vowel Sound i,Main,,100%,,84%
Preschool (Age 4): ELA,Reading Foundational Skills - Phonics,Short Vowel Sounds,Short Vowel Sound i,Practice 1,,84%,,84%
Preschool (Age 4): ELA,Reading Foundational Skills - Phonics,Short Vowel Sounds,Short Vowel Sound i,Basic,,100%,,84%
Preschool (Age 4): ELA,Reading Foundational Skills - Phonics,Short Vowel Sounds,Short Vowel Sound o,Main,,100%,,100%
Preschool (Age 4): ELA,Reading Foundational Skills - Phonics,Short Vowel Sounds,Short Vowel Sound o,Practice 1,,100%,,100%
Preschool (Age 4): ELA,Reading Foundational Skills - Phonics,Short Vowel Sounds,Short Vowel Sound o,Basic,,100%,,100%
Preschool (Age 4): ELA,Reading Foundational Skills - Phonics,Short Vowel Sounds,Short Vowel Sound u,Main,,100%,,100%
Preschool (Age 4): ELA,Reading Foundational Skills - Phonics,Short Vowel Sounds,Short Vowel Sound u,Practice 1,,100%,,100%
Preschool (Age 4): ELA,Reading Foundational Skills - Phonics,Short Vowel Sounds,Short Vowel Sound u,Basic,,100%,,100%
Preschool (Age 4): ELA,Reading Foundational Skills - Phonics,CVC Words - Beginning Sounds,"Words with b, c, d",Main,92%,100%,92%,92%
Preschool (Age 4): ELA,Reading Foundational Skills - Phonics,CVC Words - Beginning Sounds,"Words with b, c, d",Practice 1,,92%,92%,92%
Preschool (Age 4): ELA,Reading Foundational Skills - Phonics,CVC Words - Beginning Sounds,"Words with b, c, d",Practice 2,,83%,92%,92%
Preschool (Age 4): ELA,Reading Foundational Skills - Phonics,CVC Words - Beginning Sounds,"Words with f, g, h",Main,,100%,,83%
Preschool (Age 4): ELA,Reading Foundational Skills - Phonics,CVC Words - Beginning Sounds,"Words with f, g, h",Practice 1,,89%,,83%
Preschool (Age 4): ELA,Reading Foundational Skills - Phonics,CVC Words - Beginning Sounds,"Words with f, g, h",Practice 2,,83%,,83%
Preschool (Age 4): ELA,Reading Foundational Skills - Phonics,CVC Words - Beginning Sounds,"Words with j, k, l",Main,,92%,,92%
Preschool (Age 4): ELA,Reading Foundational Skills - Phonics,CVC Words - Beginning Sounds,"Words with j, k, l",Practice 1,,92%,,92%
Preschool (Age 4): ELA,Reading Foundational Skills - Phonics,CVC Words - Beginning Sounds,"Words with j, k, l",Practice 2,,83%,,92%
Preschool (Age 4): ELA,Reading Foundational Skills - Phonics,CVC Words - Beginning Sounds,"Words with m, n, p",Main,,83%,,81%
Preschool (Age 4): ELA,Reading Foundational Skills - Phonics,CVC Words - Beginning Sounds,"Words with m, n, p",Practice 1,,81%,,81%
Preschool (Age 4): ELA,Reading Foundational Skills - Phonics,CVC Words - Beginning Sounds,"Words with m, n, p",Practice 2,,83%,,81%
Preschool (Age 4): ELA,Reading Foundational Skills - Phonics,CVC Words - Beginning Sounds,Other Words,Main,,92%,,92%
Preschool (Age 4): ELA,Reading Foundational Skills - Phonics,CVC Words - Beginning Sounds,Other Words,Practice 1,,100%,,92%
Preschool (Age 4): ELA,Reading Foundational Skills - Phonics,CVC Words - Beginning Sounds,Other Words,Practice 2,,83%,,92%
Preschool (Age 4): ELA,Reading Foundational Skills - Phonics,CVC Words - Ending Sounds,Words with b & d,Main,,89%,,89%
Preschool (Age 4): ELA,Reading Foundational Skills - Phonics,CVC Words - Ending Sounds,Words with b & d,Practice 1,,100%,,89%
Preschool (Age 4): ELA,Reading Foundational Skills - Phonics,CVC Words - Ending Sounds,Words with b & d,Practice 2,,,,89%
Preschool (Age 4): ELA,Reading Foundational Skills - Phonics,CVC Words - Ending Sounds,Words with g & k,Main,,83%,,83%
Preschool (Age 4): ELA,Reading Foundational Skills - Phonics,CVC Words - Ending Sounds,Words with g & k,Practice 1,,83%,,83%
Preschool (Age 4): ELA,Reading Foundational Skills - Phonics,CVC Words - Ending Sounds,Words with g & k,Practice 2,,,,83%
Preschool (Age 4): ELA,Reading Foundational Skills - Phonics,CVC Words - Ending Sounds,Words with m & n,Main,,100%,,100%
Preschool (Age 4): ELA,Reading Foundational Skills - Phonics,CVC Words - Ending Sounds,Words with m & n,Practice 1,,56%,,100%
Preschool (Age 4): ELA,Reading Foundational Skills - Phonics,CVC Words - Ending Sounds,Words with m & n,Practice 2,,,,100%
Preschool (Age 4): ELA,Reading Foundational Skills - Phonics,CVC Words - Ending Sounds,Words with p & s,Main,,83%,,83%
Preschool (Age 4): ELA,Reading Foundational Skills - Phonics,CVC Words - Ending Sounds,Words with p & s,Practice 1,,83%,,83%
Preschool (Age 4): ELA,Reading Foundational Skills - Phonics,CVC Words - Ending Sounds,Words with p & s,Practice 2,,,,83%
Preschool (Age 4): ELA,Reading Foundational Skills - Phonics,CVC Words - Ending Sounds,Words with t & x,Main,,83%,,89%
Preschool (Age 4): ELA,Reading Foundational Skills - Phonics,CVC Words - Ending Sounds,Words with t & x,Practice 1,,89%,,89%
Preschool (Age 4): ELA,Reading Foundational Skills - Phonics,CVC Words - Ending Sounds,Words with t & x,Practice 2,,,,89%
Preschool (Age 4): ELA,Reading Foundational Skills - Phonics,CVC Words - Middle Sounds,Words with a,Main,,75%,,88%
Preschool (Age 4): ELA,Reading Foundational Skills - Phonics,CVC Words - Middle Sounds,Words with a,Practice 1,,88%,,88%
Preschool (Age 4): ELA,Reading Foundational Skills - Phonics,CVC Words - Middle Sounds,Words with a,Practice 2,,,,88%
Preschool (Age 4): ELA,Reading Foundational Skills - Phonics,CVC Words - Middle Sounds,Words with e,Main,,100%,,83%
Preschool (Age 4): ELA,Reading Foundational Skills - Phonics,CVC Words - Middle Sounds,Words with e,Practice 1,,83%,,83%
Preschool (Age 4): ELA,Reading Foundational Skills - Phonics,CVC Words - Middle Sounds,Words with e,Practice 2,,,,83%
Preschool (Age 4): ELA,Reading Foundational Skills - Phonics,CVC Words - Middle Sounds,Words with i,Main,,100%,,100%
Preschool (Age 4): ELA,Reading Foundational Skills - Phonics,CVC Words - Middle Sounds,Words with i,Practice 1,,100%,,100%
Preschool (Age 4): ELA,Reading Foundational Skills - Phonics,CVC Words - Middle Sounds,Words with i,Practice 2,,,,100%
Preschool (Age 4): ELA,Reading Foundational Skills - Phonics,CVC Words - Middle Sounds,Words with o,Main,,100%,,88%
Preschool (Age 4): ELA,Reading Foundational Skills - Phonics,CVC Words - Middle Sounds,Words with o,Practice 1,,88%,,88%
Preschool (Age 4): ELA,Reading Foundational Skills - Phonics,CVC Words - Middle Sounds,Words with o,Practice 2,,,,88%
Preschool (Age 4): ELA,Reading Foundational Skills - Phonics,CVC Words - Middle Sounds,Words with u,Main,,88%,,88%
Preschool (Age 4): ELA,Reading Foundational Skills - Phonics,CVC Words - Middle Sounds,Words with u,Practice 1,,88%,,88%
Preschool (Age 4): ELA,Reading Foundational Skills - Phonics,CVC Words - Middle Sounds,Words with u,Practice 2,,,,88%
Preschool (Age 4): ELA,Writing,Writing Words,Draw Lines,Direct,,,,
Preschool (Age 4): ELA,Writing,Writing Words,Letters & Words,Direct,,,,
Preschool (Age 4): ELA,Writing,Writing Words,Uppercase Words,Direct,,,,
Preschool (Age 4): ELA,Writing,Writing Words,More Words,Direct,,,,
Preschool (Age 4): ELA,Language,Prepositions,Prepositions,Main,,,,
Preschool (Age 4): ELA,Language,Prepositions,Prepositions,Practice 1,,,,
Preschool (Age 4): ELA,Language,Prepositions,Prepositions,Practice 2,,,,
Preschool (Age 4): ELA,Language,Prepositions,Prepositions,Basic,,,,
Preschool (Age 4): ELA,Language,Vocabulary & Sorting Objects,Animals & Vehicles,Main,,,,
Preschool (Age 4): ELA,Language,Vocabulary & Sorting Objects,Animals & Vehicles,Practice 1,,,,
Preschool (Age 4): ELA,Language,Vocabulary & Sorting Objects,Animals & Vehicles,Practice 2,,,,
Preschool (Age 4): ELA,Language,Vocabulary & Sorting Objects,Animals & Vehicles,Basic,,,,
Preschool (Age 4): ELA,Language,Vocabulary & Sorting Objects,Clothes & Food,Main,,,,
Preschool (Age 4): ELA,Language,Vocabulary & Sorting Objects,Clothes & Food,Practice 1,,,,
Preschool (Age 4): ELA,Language,Vocabulary & Sorting Objects,Clothes & Food,Basic,,,,
Preschool (Age 4): ELA,Language,Vocabulary & Sorting Objects,Plants & People,Main,,,,
Preschool (Age 4): ELA,Language,Vocabulary & Sorting Objects,Plants & People,Practice 1,,,,
Preschool (Age 4): ELA,Language,Vocabulary & Sorting Objects,Plants & People,Basic,,,,
Preschool (Age 4): ELA,Language,Opposites,Opposites 1,Main,,,,
Preschool (Age 4): ELA,Language,Opposites,Opposites 1,Practice 1,,,,
Preschool (Age 4): ELA,Language,Opposites,Opposites 1,Basic,,,,
Preschool (Age 4): ELA,Language,Opposites,Opposites 2,Main,,,,
Preschool (Age 4): ELA,Language,Opposites,Opposites 2,Practice 1,,,,
Preschool (Age 4): ELA,Language,Opposites,Opposites 2,Basic,,,,
Preschool (Age 4): ELA,Language,Opposites,Opposites 3,Main,,,,
Preschool (Age 4): ELA,Language,Opposites,Opposites 3,Practice 1,,,,
Preschool (Age 4): ELA,Language,Opposites,Opposites 3,Basic,,,,
Preschool (Age 4): ELA,Reading Literature,Early Readers,Mud,Direct,,,,
Preschool (Age 4): ELA,Reading Literature,Early Readers,Sad Ollo,Direct,,,,
Preschool (Age 4): ELA,Reading Literature,Early Readers,The Big Bed,Direct,,,,
Preschool (Age 4): ELA,Reading Literature,Early Readers,Reya's Bug,Direct,,,,
Preschool (Age 4): ELA,Reading Literature,Early Readers,What Is It?,Direct,,,,
Preschool (Age 4): ELA,Reading Literature,Early Readers,Jam in the Vat,Direct,,,,
Preschool (Age 4): ELA,Reading Literature,Early Readers,So Hot,Direct,,,,
Preschool (Age 4): ELA,Reading Literature,Early Readers,Hop Hop Hop,Direct,,,,
Preschool (Age 4): ELA,Reading Literature,Early Readers,The Cup is Up,Direct,,,,
Preschool (Age 4): ELA,Reading Literature,Early Readers,Look at My Pen,Direct,,,,
Preschool (Age 4): ELA,Reading Literature,Early Readers,Look at It Go,Direct,,,,
Preschool (Age 4): ELA,Reading Literature,Early Readers,Come On,Direct,,,,
Preschool (Age 4): ELA,Reading Literature,Early Readers,Peck's Big Day,Direct,,,,
Preschool (Age 4): ELA,Reading Literature,Early Readers,Gum on the Rug,Direct,,,,
Preschool (Age 4): ELA,Reading Literature,Early Readers,Fun to Read,Direct,,,,
Preschool (Age 4): ELA,Reading Literature,Early Readers,The Big Fish,Direct,,,,
Preschool (Age 4): ELA,Reading Literature,Early Readers,The Box,Direct,,,,
Preschool (Age 4): ELA,Reading Literature,Early Readers,Race to the Lake,Direct,,,,
Preschool (Age 4): ELA,Reading Literature,Early Readers,A Nice Day,Direct,,,,
Preschool (Age 4): ELA,Reading Literature,Early Readers,Ollo's Bike,Direct,,,,
Preschool (Age 4): ELA,Reading Literature,Early Readers,Peck Plays a Tune,Direct,,,,
Preschool (Age 4): ELA,Reading Literature,Stories,Play Ball,Direct,,,,
Preschool (Age 4): ELA,Reading Literature,Stories,Something New,Direct,,,,
Preschool (Age 4): ELA,Reading Literature,Stories,Why,Direct,,,,
Preschool (Age 4): ELA,Reading Literature,Stories,Being Together,Direct,,,,
Preschool (Age 4): ELA,Reading Literature,Stories,Cool Beans,Direct,,,,
Preschool (Age 4): ELA,Reading Informational Text,Non-Fiction: Animals,Baby Dogs,Direct,,,,
Preschool (Age 4): ELA,Reading Informational Text,Non-Fiction: Animals,Baby Horses,Direct,,,,
Preschool (Age 4): ELA,Reading Informational Text,Non-Fiction: Animals,Baby Tigers,Direct,,,,
Preschool (Age 4): ELA,Reading Informational Text,Non-Fiction: Animals,Baby Ducks,Direct,,,,
Preschool (Age 4): ELA,Reading Informational Text,Non-Fiction: Animals,Weasels,Direct,,,,
Preschool (Age 4): ELA,Reading Informational Text,Non-Fiction: Animals,Baby Pigs,Direct,,,,
Preschool (Age 4): ELA,Reading Informational Text,Non-Fiction: Animals,Baby Cheetahs,Direct,,,,
Preschool (Age 4): ELA,Reading Informational Text,Non-Fiction: Animals,Butterflies,Direct,,,,
Preschool (Age 4): ELA,Reading Informational Text,Non-Fiction: Animals,Baby Pandas,Direct,,,,
Preschool (Age 4): ELA,Reading Informational Text,Non-Fiction: Animals,Orangutans,Direct,,,,
Preschool (Age 4): ELA,Reading Informational Text,Non-Fiction: Animals,Earthworms,Direct,,,,
Preschool (Age 4): ELA,Reading Informational Text,Non-Fiction: Animals,Baby Cats,Direct,,,,
Preschool (Age 4): ELA,Reading Informational Text,Non-Fiction: Animals,Baby Rabbits,Direct,,,,
Preschool (Age 4): ELA,Reading Informational Text,Non-Fiction: Animals,Baby Owls,Direct,,,,
Preschool (Age 4): ELA,Reading Informational Text,Non-Fiction: Animals,Snakes,Direct,,,,
Preschool (Age 4): ELA,Reading Informational Text,Non-Fiction: Animals,Baby Elephants,Direct,,,,
Preschool (Age 4): ELA,Reading Informational Text,Non-Fiction: Animals,Baby Koalas,Direct,,,,
Preschool (Age 4): ELA,Reading Informational Text,Non-Fiction: Animals,Chameleons,Direct,,,,
Preschool (Age 4): ELA,Reading Informational Text,Non-Fiction: Animals,Raccoons,Direct,,,,
Preschool (Age 4): ELA,Reading Informational Text,Non-Fiction: Animals,Baby Giraffes,Direct,,,,
Preschool (Age 4): ELA,Reading Informational Text,Non-Fiction: Animals,Cockroaches,Direct,,,,
Preschool (Age 4): ELA,Reading Informational Text,Non-Fiction: Animals,Baby Hippos,Direct,,,,
Preschool (Age 4): ELA,Reading Informational Text,Non-Fiction: Animals,Polar Bears,Direct,,,,
Preschool (Age 4): ELA,Reading Informational Text,Non-Fiction: Animals,Baby Monkeys,Direct,,,,
Preschool (Age 4): ELA,Reading Informational Text,Non-Fiction: Animals,Baby Lions,Direct,,,,
Preschool (Age 4): ELA,Reading Informational Text,Non-Fiction: Animals,Baby Zebras,Direct,,,,
Preschool (Age 4): ELA,Reading Informational Text,Non-Fiction: Animals,Salamanders,Direct,,,,
Preschool (Age 4): ELA,Reading Informational Text,Non-Fiction: Animals,Baby Gorillas,Direct,,,,
Preschool (Age 4): ELA,Reading Informational Text,Non-Fiction: Animals,Wild Turkey,Direct,,,,
Preschool (Age 4): ELA,Reading Informational Text,Non-Fiction: Animals,Seal Pups,Direct,,,,
Preschool (Age 4): ELA,Reading Informational Text,Non-Fiction: Animals,Moose,Direct,,,,
Preschool (Age 4): ELA,Reading Informational Text,Non-Fiction: Animals,Toucans,Direct,,,,
Preschool (Age 4): ELA,Reading Informational Text,Non-Fiction: Animals,Bats,Direct,,,,
Preschool (Age 4): ELA,Reading Informational Text,Non-Fiction: Animals,Spring,Direct,,,,
Preschool (Age 4): ELA,Reading Informational Text,Non-Fiction: Animals,Baby Penguins,Direct,,,,
Preschool (Age 4): ELA,Reading Informational Text,Non-Fiction: Animals,Red Pandas,Direct,,,,
Preschool (Age 4): ELA,Reading Informational Text,Non-Fiction: Animals,Peacocks,Direct,,,,
Preschool (Age 4): ELA,Reading Informational Text,Non-Fiction: Animals,Sea Otters,Direct,,,,
Preschool (Age 4): ELA,Reading Informational Text,Non-Fiction: Animals,Kangaroos,Direct,,,,
Preschool (Age 4): ELA,Reading Informational Text,Non-Fiction: Animals,Crocodiles,Direct,,,,
Preschool (Age 4): ELA,Reading Informational Text,Non-Fiction: Animals,Hummingbirds,Direct,,,,
Preschool (Age 4): ELA,Reading Informational Text,Non-Fiction: Animals,Jaguars,Direct,,,,
Preschool (Age 4): ELA,Reading Informational Text,Non-Fiction: Animals,Hedgehogs,Direct,,,,
Preschool (Age 4): ELA,Reading Informational Text,Non-Fiction: Animals,Tree Frogs,Direct,,,,
Preschool (Age 4): ELA,Reading Informational Text,Non-Fiction: Animals,Spider Monkeys,Direct,,,,
Preschool (Age 4): ELA,Reading Informational Text,Non-Fiction: Animals,Spiders,Direct,,,,
Preschool (Age 4): ELA,Reading Informational Text,Non-Fiction: Animals,Flamingos,Direct,,,,
Preschool (Age 4): ELA,Reading Informational Text,Non-Fiction: Animals,Snails,Direct,,,,
Preschool (Age 4): ELA,Reading Informational Text,Non-Fiction: Animals,Baby Bears,Direct,,,,
Preschool (Age 4): ELA,Reading Informational Text,Non-Fiction: Animals,Komodo Dragons,Direct,,,,
Preschool (Age 4): ELA,Reading Informational Text,Non-Fiction: Vehicles,Monster Cars,Direct,,,,
Preschool (Age 4): ELA,Reading Informational Text,Non-Fiction: Vehicles,Monster Trucks,Direct,,,,
Preschool (Age 4): ELA,Reading Informational Text,Non-Fiction: Vehicles,Monster Cranes,Direct,,,,
Preschool (Age 4): ELA,Reading Informational Text,Non-Fiction: Vehicles,Monster Diggers,Direct,,,,
Preschool (Age 4): ELA,Reading Informational Text,Non-Fiction: Vehicles,Monster Trains,Direct,,,,
Preschool (Age 4): ELA,Reading Informational Text,Non-Fiction: Vehicles,Monster Dump Truck,Direct,,,,
Preschool (Age 4): ELA,Reading Informational Text,Non-Fiction: Vehicles,Monster Ships,Direct,,,,
Preschool (Age 4): ELA,Reading Informational Text,National Geographic Young Explorer,Leaf Cutter Ants,Direct,,,,
Preschool (Age 4): ELA,Reading Informational Text,National Geographic Young Explorer,Seeds Grow,Direct,,,,
Preschool (Age 4): ELA,Reading Informational Text,National Geographic Young Explorer,Food for Fido,Direct,,,,
Preschool (Age 4): ELA,Reading Informational Text,National Geographic Young Explorer,Looking at Eggs,Direct,,,,
Preschool (Age 4): ELA,Reading Informational Text,National Geographic Young Explorer,Baby on Board,Direct,,,,
Preschool (Age 4): ELA,Reading Informational Text,National Geographic Young Explorer,Out at Night,Direct,,,,
Preschool (Age 4): ELA,Reading Informational Text,National Geographic Young Explorer,Animal Groups,Direct,,,,
Preschool (Age 4): ELA,Reading Informational Text,National Geographic Young Explorer,Walk with Camels,Direct,,,,
Preschool (Age 4): ELA,Reading Informational Text,National Geographic Young Explorer,Bird Beaks,Direct,,,,
Preschool (Age 4): ELA,Reading Informational Text,National Geographic Young Explorer,Beaver Builders,Direct,,,,
Preschool (Age 4): ELA,Reading Informational Text,National Geographic Young Explorer,Drip Drop,Direct,,,,
Preschool (Age 4): ELA,Reading Informational Text,National Geographic Young Explorer,On the Move,Direct,,,,
Preschool (Age 4): ELA,Reading Informational Text,National Geographic Young Explorer,Plants on My Plate,Direct,,,,
Preschool (Age 4): ELA,Reading Informational Text,National Geographic Young Explorer,Push Push Pull,Direct,,,,
Kindergarten: ELA,Reading Foundational Skills,Print Concepts: Parts of a Book,Title & Author,Main,,,,
Kindergarten: ELA,Reading Foundational Skills,Print Concepts: Parts of a Book,Title & Author,Practice 1,,,,
Kindergarten: ELA,Reading Foundational Skills,Print Concepts: Parts of a Book,Title & Author,Practice 2,,,,
Kindergarten: ELA,Reading Foundational Skills,Print Concepts: Parts of a Book,Title & Author,Basic,,,,
Kindergarten: ELA,Reading Foundational Skills,Print Concepts: Parts of a Book,Front & Back Cover,Main,,,,
Kindergarten: ELA,Reading Foundational Skills,Print Concepts: Parts of a Book,Front & Back Cover,Practice 1,,,,
Kindergarten: ELA,Reading Foundational Skills,Print Concepts: Parts of a Book,Front & Back Cover,Practice 2,,,,
Kindergarten: ELA,Reading Foundational Skills,Print Concepts: Parts of a Book,Front & Back Cover,Basic,,,,
Kindergarten: ELA,Reading Foundational Skills,Print Concepts: Parts of a Book,Book Pages,Main,,,,
Kindergarten: ELA,Reading Foundational Skills,Print Concepts: Parts of a Book,Book Pages,Practice 1,,,,
Kindergarten: ELA,Reading Foundational Skills,Print Concepts: Parts of a Book,Book Pages,Practice 2,,,,
Kindergarten: ELA,Reading Foundational Skills,Print Concepts: Parts of a Book,Book Pages,Basic,,,,
Kindergarten: ELA,Reading Foundational Skills,"Print Concepts: Words, Letters & Numbers",Words in the World,Main,,,,
Kindergarten: ELA,Reading Foundational Skills,"Print Concepts: Words, Letters & Numbers",Words in the World,Practice 1,,,,
Kindergarten: ELA,Reading Foundational Skills,"Print Concepts: Words, Letters & Numbers",Words in the World,Practice 2,,,,
Kindergarten: ELA,Reading Foundational Skills,"Print Concepts: Words, Letters & Numbers",Words in the World,Basic,,,,
Kindergarten: ELA,Reading Foundational Skills,"Print Concepts: Words, Letters & Numbers",Letters & Numbers,Main,,,,
Kindergarten: ELA,Reading Foundational Skills,"Print Concepts: Words, Letters & Numbers",Letters & Numbers,Practice 1,,,,
Kindergarten: ELA,Reading Foundational Skills,"Print Concepts: Words, Letters & Numbers",Letters & Numbers,Practice 2,,,,
Kindergarten: ELA,Reading Foundational Skills,"Print Concepts: Words, Letters & Numbers",Letters & Numbers,Basic,,,,
Kindergarten: ELA,Reading Foundational Skills,"Print Concepts: Words, Letters & Numbers",Writing Words,Direct,,,,
Kindergarten: ELA,Reading Foundational Skills,"Print Concepts: Words, Letters & Numbers",Letters & Words,Main,,,,
Kindergarten: ELA,Reading Foundational Skills,"Print Concepts: Words, Letters & Numbers",Letters & Words,Practice 1,,,,
Kindergarten: ELA,Reading Foundational Skills,"Print Concepts: Words, Letters & Numbers",Letters & Words,Practice 2,,,,
Kindergarten: ELA,Reading Foundational Skills,"Print Concepts: Words, Letters & Numbers",Letters & Words,Basic,53%,,,
Kindergarten: ELA,Reading Foundational Skills,Phonological Awareness: Rhyming,Rhyming,Main,,,,
Kindergarten: ELA,Reading Foundational Skills,Phonological Awareness: Rhyming,Rhyming,Practice 1,,,,
Kindergarten: ELA,Reading Foundational Skills,Phonological Awareness: Rhyming,Rhyming,Practice 2,,,,
Kindergarten: ELA,Reading Foundational Skills,Phonological Awareness: Rhyming,Rhyming,Basic,,,,
Kindergarten: ELA,Reading Foundational Skills,Phonological Awareness: Rhyming,More Rhyming,Main,,,,
Kindergarten: ELA,Reading Foundational Skills,Phonological Awareness: Syllables,Hear Syllables,Main,,,,
Kindergarten: ELA,Reading Foundational Skills,Phonological Awareness: Syllables,Hear Syllables,Practice 1,,,,
Kindergarten: ELA,Reading Foundational Skills,Phonological Awareness: Syllables,Hear Syllables,Practice 2,,,,
Kindergarten: ELA,Reading Foundational Skills,Phonological Awareness: Syllables,Hear Syllables,Basic,,,,
Kindergarten: ELA,Reading Foundational Skills,Phonological Awareness: Syllables,Blend Syllables,Main,,,,100%
Kindergarten: ELA,Reading Foundational Skills,Phonological Awareness: Syllables,Blend Syllables,Practice 1,,100%,,100%
Kindergarten: ELA,Reading Foundational Skills,Phonological Awareness: Syllables,Blend Syllables,Practice 2,,100%,,100%
Kindergarten: ELA,Reading Foundational Skills,Phonological Awareness: Syllables,Blend Syllables,Basic,,100%,,100%
Kindergarten: ELA,Reading Foundational Skills,Phonological Awareness: Syllables,Delete Syllables,Main,,,,
Kindergarten: ELA,Reading Foundational Skills,Phonological Awareness: Syllables,Delete Syllables,Practice 1,,,,
Kindergarten: ELA,Reading Foundational Skills,Phonological Awareness: Syllables,Delete Syllables,Practice 2,,,,
Kindergarten: ELA,Reading Foundational Skills,Phonological Awareness: Syllables,Delete Syllables,Basic,,,,
Kindergarten: ELA,Reading Foundational Skills,Phonological Awareness: Onset & Rime,Blend Sounds 1,Main,,,,100%
Kindergarten: ELA,Reading Foundational Skills,Phonological Awareness: Onset & Rime,Blend Sounds 1,Practice 1,,100%,,100%
Kindergarten: ELA,Reading Foundational Skills,Phonological Awareness: Onset & Rime,Blend Sounds 1,Practice 2,,100%,,100%
Kindergarten: ELA,Reading Foundational Skills,Phonological Awareness: Onset & Rime,Blend Sounds 1,Basic,,100%,,100%
Kindergarten: ELA,Reading Foundational Skills,Phonological Awareness: Onset & Rime,Beginning Sounds 1,Main,,,,80%
Kindergarten: ELA,Reading Foundational Skills,Phonological Awareness: Onset & Rime,Beginning Sounds 1,Practice 1,,83%,,80%
Kindergarten: ELA,Reading Foundational Skills,Phonological Awareness: Onset & Rime,Beginning Sounds 1,Practice 2,,80%,,80%
Kindergarten: ELA,Reading Foundational Skills,Phonological Awareness: Onset & Rime,Beginning Sounds 1,Basic,,93%,,80%
Kindergarten: ELA,Reading Foundational Skills,Phonological Awareness: Onset & Rime,Word Families,Main,,,,86%
Kindergarten: ELA,Reading Foundational Skills,Phonological Awareness: Onset & Rime,Word Families,Practice 1,,86%,,86%
Kindergarten: ELA,Reading Foundational Skills,Phonological Awareness: Onset & Rime,Word Families,Practice 2,,83%,,86%
Kindergarten: ELA,Reading Foundational Skills,Phonological Awareness: Onset & Rime,Word Families,Basic,,100%,,86%
Kindergarten: ELA,Reading Foundational Skills,Phonological Awareness: Three-Phoneme Words,Blend Sounds 2,Main,,,,100%
Kindergarten: ELA,Reading Foundational Skills,Phonological Awareness: Three-Phoneme Words,Blend Sounds 2,Practice 1,,88%,,100%
Kindergarten: ELA,Reading Foundational Skills,Phonological Awareness: Three-Phoneme Words,Blend Sounds 2,Practice 2,,100%,,100%
Kindergarten: ELA,Reading Foundational Skills,Phonological Awareness: Three-Phoneme Words,Blend Sounds 2,Basic,,,,100%
Kindergarten: ELA,Reading Foundational Skills,Phonological Awareness: Three-Phoneme Words,Beginning Sounds 2,Main,,,,93%
Kindergarten: ELA,Reading Foundational Skills,Phonological Awareness: Three-Phoneme Words,Beginning Sounds 2,Practice 1,,100%,,93%
Kindergarten: ELA,Reading Foundational Skills,Phonological Awareness: Three-Phoneme Words,Beginning Sounds 2,Practice 2,,93%,,93%
Kindergarten: ELA,Reading Foundational Skills,Phonological Awareness: Three-Phoneme Words,Beginning Sounds 2,Basic,,,,93%
Kindergarten: ELA,Reading Foundational Skills,Phonological Awareness: Three-Phoneme Words,Words: End Sound,Main,,81%,,70%
Kindergarten: ELA,Reading Foundational Skills,Phonological Awareness: Three-Phoneme Words,Words: End Sound,Practice 1,,70%,,70%
Kindergarten: ELA,Reading Foundational Skills,Phonological Awareness: Three-Phoneme Words,Words: End Sound,Practice 2,,81%,,70%
Kindergarten: ELA,Reading Foundational Skills,Phonological Awareness: Three-Phoneme Words,Words: End Sound,Basic,,100%,,70%
Kindergarten: ELA,Reading Foundational Skills,Phonological Awareness: Add Phonemes,Make New Words,Main,,100%,,100%
Kindergarten: ELA,Reading Foundational Skills,Phonological Awareness: Add Phonemes,Make New Words,Practice 1,,100%,,100%
Kindergarten: ELA,Reading Foundational Skills,Phonological Awareness: Add Phonemes,Make New Words,Practice 2,,100%,,100%
Kindergarten: ELA,Reading Foundational Skills,Phonological Awareness: Add Phonemes,Make New Words,Basic,,100%,,100%
Kindergarten: ELA,Reading Foundational Skills - Phonics,Lowercase Letters,Lowercase a,Main,100%,100%,100%,100%
Kindergarten: ELA,Reading Foundational Skills - Phonics,Lowercase Letters,Lowercase a,Practice 1,88%,88%,100%,100%
Kindergarten: ELA,Reading Foundational Skills - Phonics,Lowercase Letters,Lowercase a,Practice 2,80%,100%,100%,100%
Kindergarten: ELA,Reading Foundational Skills - Phonics,Lowercase Letters,Lowercase a,Basic,80%,80%,100%,100%
Kindergarten: ELA,Reading Foundational Skills - Phonics,Lowercase Letters,Lowercase b,Main,80%,88%,100%,100%
Kindergarten: ELA,Reading Foundational Skills - Phonics,Lowercase Letters,Lowercase b,Practice 1,100%,85%,100%,100%
Kindergarten: ELA,Reading Foundational Skills - Phonics,Lowercase Letters,Lowercase b,Practice 2,100%,100%,100%,100%
Kindergarten: ELA,Reading Foundational Skills - Phonics,Lowercase Letters,Lowercase b,Basic,100%,100%,100%,100%
Kindergarten: ELA,Reading Foundational Skills - Phonics,Lowercase Letters,Lowercase c,Main,80%,80%,80%,100%
Kindergarten: ELA,Reading Foundational Skills - Phonics,Lowercase Letters,Lowercase c,Practice 1,100%,100%,80%,100%
Kindergarten: ELA,Reading Foundational Skills - Phonics,Lowercase Letters,Lowercase c,Practice 2,100%,100%,80%,100%
Kindergarten: ELA,Reading Foundational Skills - Phonics,Lowercase Letters,Lowercase c,Basic,80%,80%,80%,100%
Kindergarten: ELA,Reading Foundational Skills - Phonics,Lowercase Letters,Lowercase d,Main,80%,100%,85%,100%
Kindergarten: ELA,Reading Foundational Skills - Phonics,Lowercase Letters,Lowercase d,Practice 1,85%,100%,85%,100%
Kindergarten: ELA,Reading Foundational Skills - Phonics,Lowercase Letters,Lowercase d,Practice 2,100%,100%,85%,100%
Kindergarten: ELA,Reading Foundational Skills - Phonics,Lowercase Letters,Lowercase d,Basic,85%,100%,85%,100%
Kindergarten: ELA,Reading Foundational Skills - Phonics,Lowercase Letters,Lowercase e,Main,80%,100%,100%,100%
Kindergarten: ELA,Reading Foundational Skills - Phonics,Lowercase Letters,Lowercase e,Practice 1,88%,88%,100%,100%
Kindergarten: ELA,Reading Foundational Skills - Phonics,Lowercase Letters,Lowercase e,Practice 2,100%,100%,100%,100%
Kindergarten: ELA,Reading Foundational Skills - Phonics,Lowercase Letters,Lowercase e,Basic,100%,100%,100%,100%
Kindergarten: ELA,Reading Foundational Skills - Phonics,Lowercase Letters,Lowercase f,Main,85%,100%,88%,100%
Kindergarten: ELA,Reading Foundational Skills - Phonics,Lowercase Letters,Lowercase f,Practice 1,100%,100%,88%,100%
Kindergarten: ELA,Reading Foundational Skills - Phonics,Lowercase Letters,Lowercase f,Practice 2,88%,100%,88%,100%
Kindergarten: ELA,Reading Foundational Skills - Phonics,Lowercase Letters,Lowercase f,Basic,100%,80%,88%,100%
Kindergarten: ELA,Reading Foundational Skills - Phonics,Lowercase Letters,Lowercase g,Main,100%,80%,88%,100%
Kindergarten: ELA,Reading Foundational Skills - Phonics,Lowercase Letters,Lowercase g,Practice 1,88%,100%,88%,100%
Kindergarten: ELA,Reading Foundational Skills - Phonics,Lowercase Letters,Lowercase g,Practice 2,85%,100%,88%,100%
Kindergarten: ELA,Reading Foundational Skills - Phonics,Lowercase Letters,Lowercase g,Basic,100%,80%,88%,100%
Kindergarten: ELA,Reading Foundational Skills - Phonics,Lowercase Letters,Lowercase h,Main,100%,100%,100%,100%
Kindergarten: ELA,Reading Foundational Skills - Phonics,Lowercase Letters,Lowercase h,Practice 1,100%,100%,100%,100%
Kindergarten: ELA,Reading Foundational Skills - Phonics,Lowercase Letters,Lowercase h,Practice 2,100%,100%,100%,100%
Kindergarten: ELA,Reading Foundational Skills - Phonics,Lowercase Letters,Lowercase h,Basic,100%,100%,100%,100%
Kindergarten: ELA,Reading Foundational Skills - Phonics,Lowercase Letters,Lowercase i,Main,100%,100%,100%,100%
Kindergarten: ELA,Reading Foundational Skills - Phonics,Lowercase Letters,Lowercase i,Practice 1,100%,80%,100%,100%
Kindergarten: ELA,Reading Foundational Skills - Phonics,Lowercase Letters,Lowercase i,Practice 2,100%,100%,100%,100%
Kindergarten: ELA,Reading Foundational Skills - Phonics,Lowercase Letters,Lowercase i,Basic,85%,85%,100%,100%
Kindergarten: ELA,Reading Foundational Skills - Phonics,Lowercase Letters,Lowercase j,Main,85%,100%,80%,100%
Kindergarten: ELA,Reading Foundational Skills - Phonics,Lowercase Letters,Lowercase j,Practice 1,100%,100%,80%,100%
Kindergarten: ELA,Reading Foundational Skills - Phonics,Lowercase Letters,Lowercase j,Practice 2,80%,100%,80%,100%
Kindergarten: ELA,Reading Foundational Skills - Phonics,Lowercase Letters,Lowercase j,Basic,100%,100%,80%,100%
Kindergarten: ELA,Reading Foundational Skills - Phonics,Lowercase Letters,Lowercase k,Main,100%,80%,100%,100%
Kindergarten: ELA,Reading Foundational Skills - Phonics,Lowercase Letters,Lowercase k,Practice 1,100%,100%,100%,100%
Kindergarten: ELA,Reading Foundational Skills - Phonics,Lowercase Letters,Lowercase k,Practice 2,80%,100%,100%,100%
Kindergarten: ELA,Reading Foundational Skills - Phonics,Lowercase Letters,Lowercase k,Basic,100%,100%,100%,100%
Kindergarten: ELA,Reading Foundational Skills - Phonics,Lowercase Letters,Lowercase l,Main,88%,88%,88%,100%
Kindergarten: ELA,Reading Foundational Skills - Phonics,Lowercase Letters,Lowercase l,Practice 1,88%,100%,88%,100%
Kindergarten: ELA,Reading Foundational Skills - Phonics,Lowercase Letters,Lowercase l,Practice 2,85%,100%,88%,100%
Kindergarten: ELA,Reading Foundational Skills - Phonics,Lowercase Letters,Lowercase l,Basic,80%,100%,88%,100%
Kindergarten: ELA,Reading Foundational Skills - Phonics,Lowercase Letters,Lowercase m,Main,100%,85%,88%,100%
Kindergarten: ELA,Reading Foundational Skills - Phonics,Lowercase Letters,Lowercase m,Practice 1,100%,100%,88%,100%
Kindergarten: ELA,Reading Foundational Skills - Phonics,Lowercase Letters,Lowercase m,Practice 2,88%,100%,88%,100%
Kindergarten: ELA,Reading Foundational Skills - Phonics,Lowercase Letters,Lowercase m,Basic,100%,80%,88%,100%
Kindergarten: ELA,Reading Foundational Skills - Phonics,Lowercase Letters,Lowercase n,Main,100%,100%,80%,100%
Kindergarten: ELA,Reading Foundational Skills - Phonics,Lowercase Letters,Lowercase n,Practice 1,80%,100%,80%,100%
Kindergarten: ELA,Reading Foundational Skills - Phonics,Lowercase Letters,Lowercase n,Practice 2,80%,100%,80%,100%
Kindergarten: ELA,Reading Foundational Skills - Phonics,Lowercase Letters,Lowercase n,Basic,100%,80%,80%,100%
Kindergarten: ELA,Reading Foundational Skills - Phonics,Lowercase Letters,Lowercase o,Main,100%,80%,80%,100%
Kindergarten: ELA,Reading Foundational Skills - Phonics,Lowercase Letters,Lowercase o,Practice 1,88%,100%,80%,100%
Kindergarten: ELA,Reading Foundational Skills - Phonics,Lowercase Letters,Lowercase o,Practice 2,80%,100%,80%,100%
Kindergarten: ELA,Reading Foundational Skills - Phonics,Lowercase Letters,Lowercase o,Basic,100%,85%,80%,100%
Kindergarten: ELA,Reading Foundational Skills - Phonics,Lowercase Letters,Lowercase p,Main,100%,100%,100%,100%
Kindergarten: ELA,Reading Foundational Skills - Phonics,Lowercase Letters,Lowercase p,Practice 1,88%,100%,100%,100%
Kindergarten: ELA,Reading Foundational Skills - Phonics,Lowercase Letters,Lowercase p,Practice 2,100%,100%,100%,100%
Kindergarten: ELA,Reading Foundational Skills - Phonics,Lowercase Letters,Lowercase p,Basic,80%,100%,100%,100%
Kindergarten: ELA,Reading Foundational Skills - Phonics,Lowercase Letters,Lowercase q,Main,85%,100%,100%,100%
Kindergarten: ELA,Reading Foundational Skills - Phonics,Lowercase Letters,Lowercase q,Practice 1,100%,100%,100%,100%
Kindergarten: ELA,Reading Foundational Skills - Phonics,Lowercase Letters,Lowercase q,Practice 2,100%,100%,100%,100%
Kindergarten: ELA,Reading Foundational Skills - Phonics,Lowercase Letters,Lowercase q,Basic,100%,100%,100%,100%
Kindergarten: ELA,Reading Foundational Skills - Phonics,Lowercase Letters,Lowercase r,Main,85%,80%,100%,100%
Kindergarten: ELA,Reading Foundational Skills - Phonics,Lowercase Letters,Lowercase r,Practice 1,100%,100%,100%,100%
Kindergarten: ELA,Reading Foundational Skills - Phonics,Lowercase Letters,Lowercase r,Practice 2,100%,100%,100%,100%
Kindergarten: ELA,Reading Foundational Skills - Phonics,Lowercase Letters,Lowercase r,Basic,100%,80%,100%,100%
Kindergarten: ELA,Reading Foundational Skills - Phonics,Lowercase Letters,Lowercase s,Main,80%,100%,100%,100%
Kindergarten: ELA,Reading Foundational Skills - Phonics,Lowercase Letters,Lowercase s,Practice 1,100%,80%,100%,100%
Kindergarten: ELA,Reading Foundational Skills - Phonics,Lowercase Letters,Lowercase s,Practice 2,100%,100%,100%,100%
Kindergarten: ELA,Reading Foundational Skills - Phonics,Lowercase Letters,Lowercase s,Basic,100%,73%,100%,100%
Kindergarten: ELA,Reading Foundational Skills - Phonics,Lowercase Letters,Lowercase t,Main,88%,88%,100%,100%
Kindergarten: ELA,Reading Foundational Skills - Phonics,Lowercase Letters,Lowercase t,Practice 1,100%,88%,100%,100%
Kindergarten: ELA,Reading Foundational Skills - Phonics,Lowercase Letters,Lowercase t,Practice 2,100%,100%,100%,100%
Kindergarten: ELA,Reading Foundational Skills - Phonics,Lowercase Letters,Lowercase t,Basic,100%,80%,100%,100%
Kindergarten: ELA,Reading Foundational Skills - Phonics,Lowercase Letters,Lowercase u,Main,100%,100%,100%,100%
Kindergarten: ELA,Reading Foundational Skills - Phonics,Lowercase Letters,Lowercase u,Practice 1,80%,100%,100%,100%
Kindergarten: ELA,Reading Foundational Skills - Phonics,Lowercase Letters,Lowercase u,Practice 2,100%,100%,100%,100%
Kindergarten: ELA,Reading Foundational Skills - Phonics,Lowercase Letters,Lowercase u,Basic,80%,80%,100%,100%
Kindergarten: ELA,Reading Foundational Skills - Phonics,Lowercase Letters,Lowercase v,Main,100%,100%,80%,100%
Kindergarten: ELA,Reading Foundational Skills - Phonics,Lowercase Letters,Lowercase v,Practice 1,80%,100%,80%,100%
Kindergarten: ELA,Reading Foundational Skills - Phonics,Lowercase Letters,Lowercase v,Practice 2,100%,100%,80%,100%
Kindergarten: ELA,Reading Foundational Skills - Phonics,Lowercase Letters,Lowercase v,Basic,85%,100%,80%,100%
Kindergarten: ELA,Reading Foundational Skills - Phonics,Lowercase Letters,Lowercase w,Main,100%,100%,100%,100%
Kindergarten: ELA,Reading Foundational Skills - Phonics,Lowercase Letters,Lowercase w,Practice 1,100%,80%,100%,100%
Kindergarten: ELA,Reading Foundational Skills - Phonics,Lowercase Letters,Lowercase w,Practice 2,100%,100%,100%,100%
Kindergarten: ELA,Reading Foundational Skills - Phonics,Lowercase Letters,Lowercase w,Basic,100%,80%,100%,100%
Kindergarten: ELA,Reading Foundational Skills - Phonics,Lowercase Letters,Lowercase x,Main,100%,100%,100%,100%
Kindergarten: ELA,Reading Foundational Skills - Phonics,Lowercase Letters,Lowercase x,Practice 1,88%,80%,100%,100%
Kindergarten: ELA,Reading Foundational Skills - Phonics,Lowercase Letters,Lowercase x,Practice 2,85%,100%,100%,100%
Kindergarten: ELA,Reading Foundational Skills - Phonics,Lowercase Letters,Lowercase x,Basic,80%,100%,100%,100%
Kindergarten: ELA,Reading Foundational Skills - Phonics,Lowercase Letters,Lowercase y,Main,80%,51%,100%,51%
Kindergarten: ELA,Reading Foundational Skills - Phonics,Lowercase Letters,Lowercase y,Practice 1,85%,42%,100%,51%
Kindergarten: ELA,Reading Foundational Skills - Phonics,Lowercase Letters,Lowercase y,Practice 2,100%,100%,100%,51%
Kindergarten: ELA,Reading Foundational Skills - Phonics,Lowercase Letters,Lowercase y,Basic,100%,100%,100%,51%
Kindergarten: ELA,Reading Foundational Skills - Phonics,Lowercase Letters,Lowercase z,Main,80%,70%,100%,70%
Kindergarten: ELA,Reading Foundational Skills - Phonics,Lowercase Letters,Lowercase z,Practice 1,80%,100%,100%,70%
Kindergarten: ELA,Reading Foundational Skills - Phonics,Lowercase Letters,Lowercase z,Practice 2,100%,100%,100%,70%
Kindergarten: ELA,Reading Foundational Skills - Phonics,Lowercase Letters,Lowercase z,Basic,100%,100%,100%,70%
Kindergarten: ELA,Reading Foundational Skills - Phonics,Uppercase Letters,Uppercase A,Main,100%,76%,90%,100%
Kindergarten: ELA,Reading Foundational Skills - Phonics,Uppercase Letters,Uppercase A,Practice 1,90%,83%,90%,100%
Kindergarten: ELA,Reading Foundational Skills - Phonics,Uppercase Letters,Uppercase A,Practice 2,80%,100%,90%,100%
Kindergarten: ELA,Reading Foundational Skills - Phonics,Uppercase Letters,Uppercase A,Basic,100%,,90%,100%
Kindergarten: ELA,Reading Foundational Skills - Phonics,Uppercase Letters,Uppercase B,Main,90%,,100%,100%
Kindergarten: ELA,Reading Foundational Skills - Phonics,Uppercase Letters,Uppercase B,Practice 1,90%,100%,100%,100%
Kindergarten: ELA,Reading Foundational Skills - Phonics,Uppercase Letters,Uppercase B,Practice 2,100%,100%,100%,100%
Kindergarten: ELA,Reading Foundational Skills - Phonics,Uppercase Letters,Uppercase B,Basic,100%,,100%,100%
Kindergarten: ELA,Reading Foundational Skills - Phonics,Uppercase Letters,Uppercase C,Main,100%,50%,100%,100%
Kindergarten: ELA,Reading Foundational Skills - Phonics,Uppercase Letters,Uppercase C,Practice 1,100%,73%,100%,100%
Kindergarten: ELA,Reading Foundational Skills - Phonics,Uppercase Letters,Uppercase C,Practice 2,100%,100%,100%,100%
Kindergarten: ELA,Reading Foundational Skills - Phonics,Uppercase Letters,Uppercase C,Basic,100%,,100%,100%
Kindergarten: ELA,Reading Foundational Skills - Phonics,Uppercase Letters,Uppercase D,Main,100%,,100%,100%
Kindergarten: ELA,Reading Foundational Skills - Phonics,Uppercase Letters,Uppercase D,Practice 1,100%,,100%,100%
Kindergarten: ELA,Reading Foundational Skills - Phonics,Uppercase Letters,Uppercase D,Practice 2,85%,100%,100%,100%
Kindergarten: ELA,Reading Foundational Skills - Phonics,Uppercase Letters,Uppercase D,Basic,100%,,100%,100%
Kindergarten: ELA,Reading Foundational Skills - Phonics,Uppercase Letters,Uppercase E,Main,100%,,100%,100%
Kindergarten: ELA,Reading Foundational Skills - Phonics,Uppercase Letters,Uppercase E,Practice 1,100%,,100%,100%
Kindergarten: ELA,Reading Foundational Skills - Phonics,Uppercase Letters,Uppercase E,Practice 2,100%,100%,100%,100%
Kindergarten: ELA,Reading Foundational Skills - Phonics,Uppercase Letters,Uppercase E,Basic,80%,,100%,100%
Kindergarten: ELA,Reading Foundational Skills - Phonics,Uppercase Letters,Uppercase F,Main,90%,,100%,100%
Kindergarten: ELA,Reading Foundational Skills - Phonics,Uppercase Letters,Uppercase F,Practice 1,100%,,100%,100%
Kindergarten: ELA,Reading Foundational Skills - Phonics,Uppercase Letters,Uppercase F,Practice 2,100%,100%,100%,100%
Kindergarten: ELA,Reading Foundational Skills - Phonics,Uppercase Letters,Uppercase F,Basic,100%,,100%,100%
Kindergarten: ELA,Reading Foundational Skills - Phonics,Uppercase Letters,Uppercase G,Main,100%,,100%,100%
Kindergarten: ELA,Reading Foundational Skills - Phonics,Uppercase Letters,Uppercase G,Practice 1,100%,,100%,100%
Kindergarten: ELA,Reading Foundational Skills - Phonics,Uppercase Letters,Uppercase G,Practice 2,100%,100%,100%,100%
Kindergarten: ELA,Reading Foundational Skills - Phonics,Uppercase Letters,Uppercase G,Basic,100%,,100%,100%
Kindergarten: ELA,Reading Foundational Skills - Phonics,Uppercase Letters,Uppercase H,Main,100%,,92%,100%
Kindergarten: ELA,Reading Foundational Skills - Phonics,Uppercase Letters,Uppercase H,Practice 1,100%,,92%,100%
Kindergarten: ELA,Reading Foundational Skills - Phonics,Uppercase Letters,Uppercase H,Practice 2,92%,100%,92%,100%
Kindergarten: ELA,Reading Foundational Skills - Phonics,Uppercase Letters,Uppercase H,Basic,100%,,92%,100%
Kindergarten: ELA,Reading Foundational Skills - Phonics,Uppercase Letters,Uppercase I,Main,100%,,100%,100%
Kindergarten: ELA,Reading Foundational Skills - Phonics,Uppercase Letters,Uppercase I,Practice 1,100%,,100%,100%
Kindergarten: ELA,Reading Foundational Skills - Phonics,Uppercase Letters,Uppercase I,Practice 2,100%,100%,100%,100%
Kindergarten: ELA,Reading Foundational Skills - Phonics,Uppercase Letters,Uppercase I,Basic,100%,,100%,100%
Kindergarten: ELA,Reading Foundational Skills - Phonics,Uppercase Letters,Uppercase J,Main,100%,,100%,100%
Kindergarten: ELA,Reading Foundational Skills - Phonics,Uppercase Letters,Uppercase J,Practice 1,100%,,100%,100%
Kindergarten: ELA,Reading Foundational Skills - Phonics,Uppercase Letters,Uppercase J,Practice 2,100%,100%,100%,100%
Kindergarten: ELA,Reading Foundational Skills - Phonics,Uppercase Letters,Uppercase J,Basic,100%,,100%,100%
Kindergarten: ELA,Reading Foundational Skills - Phonics,Uppercase Letters,Uppercase K,Main,100%,,100%,100%
Kindergarten: ELA,Reading Foundational Skills - Phonics,Uppercase Letters,Uppercase K,Practice 1,100%,,100%,100%
Kindergarten: ELA,Reading Foundational Skills - Phonics,Uppercase Letters,Uppercase K,Practice 2,100%,100%,100%,100%
Kindergarten: ELA,Reading Foundational Skills - Phonics,Uppercase Letters,Uppercase K,Basic,100%,,100%,100%
Kindergarten: ELA,Reading Foundational Skills - Phonics,Uppercase Letters,Uppercase L,Main,100%,,100%,100%
Kindergarten: ELA,Reading Foundational Skills - Phonics,Uppercase Letters,Uppercase L,Practice 1,100%,,100%,100%
Kindergarten: ELA,Reading Foundational Skills - Phonics,Uppercase Letters,Uppercase L,Practice 2,100%,100%,100%,100%
Kindergarten: ELA,Reading Foundational Skills - Phonics,Uppercase Letters,Uppercase L,Basic,100%,,100%,100%
Kindergarten: ELA,Reading Foundational Skills - Phonics,Uppercase Letters,Uppercase M,Main,100%,67%,100%,100%
Kindergarten: ELA,Reading Foundational Skills - Phonics,Uppercase Letters,Uppercase M,Practice 1,100%,,100%,100%
Kindergarten: ELA,Reading Foundational Skills - Phonics,Uppercase Letters,Uppercase M,Practice 2,100%,100%,100%,100%
Kindergarten: ELA,Reading Foundational Skills - Phonics,Uppercase Letters,Uppercase M,Basic,100%,,100%,100%
Kindergarten: ELA,Reading Foundational Skills - Phonics,Uppercase Letters,Uppercase N,Main,100%,,100%,100%
Kindergarten: ELA,Reading Foundational Skills - Phonics,Uppercase Letters,Uppercase N,Practice 1,100%,,100%,100%
Kindergarten: ELA,Reading Foundational Skills - Phonics,Uppercase Letters,Uppercase N,Practice 2,90%,100%,100%,100%
Kindergarten: ELA,Reading Foundational Skills - Phonics,Uppercase Letters,Uppercase N,Basic,100%,,100%,100%
Kindergarten: ELA,Reading Foundational Skills - Phonics,Uppercase Letters,Uppercase O,Main,100%,,100%,100%
Kindergarten: ELA,Reading Foundational Skills - Phonics,Uppercase Letters,Uppercase O,Practice 1,100%,,100%,100%
Kindergarten: ELA,Reading Foundational Skills - Phonics,Uppercase Letters,Uppercase O,Practice 2,100%,100%,100%,100%
Kindergarten: ELA,Reading Foundational Skills - Phonics,Uppercase Letters,Uppercase O,Basic,100%,,100%,100%
Kindergarten: ELA,Reading Foundational Skills - Phonics,Uppercase Letters,Uppercase P,Main,100%,,100%,100%
Kindergarten: ELA,Reading Foundational Skills - Phonics,Uppercase Letters,Uppercase P,Practice 1,80%,,100%,100%
Kindergarten: ELA,Reading Foundational Skills - Phonics,Uppercase Letters,Uppercase P,Practice 2,100%,100%,100%,100%
Kindergarten: ELA,Reading Foundational Skills - Phonics,Uppercase Letters,Uppercase P,Basic,100%,,100%,100%
Kindergarten: ELA,Reading Foundational Skills - Phonics,Uppercase Letters,Uppercase Q,Main,90%,,100%,
Kindergarten: ELA,Reading Foundational Skills - Phonics,Uppercase Letters,Uppercase Q,Practice 1,100%,,100%,
Kindergarten: ELA,Reading Foundational Skills - Phonics,Uppercase Letters,Uppercase Q,Practice 2,100%,,100%,
Kindergarten: ELA,Reading Foundational Skills - Phonics,Uppercase Letters,Uppercase Q,Basic,100%,,100%,
Kindergarten: ELA,Reading Foundational Skills - Phonics,Uppercase Letters,Uppercase R,Main,100%,,100%,100%
Kindergarten: ELA,Reading Foundational Skills - Phonics,Uppercase Letters,Uppercase R,Practice 1,100%,,100%,100%
Kindergarten: ELA,Reading Foundational Skills - Phonics,Uppercase Letters,Uppercase R,Practice 2,100%,100%,100%,100%
Kindergarten: ELA,Reading Foundational Skills - Phonics,Uppercase Letters,Uppercase R,Basic,100%,,100%,100%
Kindergarten: ELA,Reading Foundational Skills - Phonics,Uppercase Letters,Uppercase S,Main,100%,,85%,100%
Kindergarten: ELA,Reading Foundational Skills - Phonics,Uppercase Letters,Uppercase S,Practice 1,100%,,85%,100%
Kindergarten: ELA,Reading Foundational Skills - Phonics,Uppercase Letters,Uppercase S,Practice 2,85%,100%,85%,100%
Kindergarten: ELA,Reading Foundational Skills - Phonics,Uppercase Letters,Uppercase S,Basic,100%,,85%,100%
Kindergarten: ELA,Reading Foundational Skills - Phonics,Uppercase Letters,Uppercase T,Main,83%,,100%,100%
Kindergarten: ELA,Reading Foundational Skills - Phonics,Uppercase Letters,Uppercase T,Practice 1,90%,,100%,100%
Kindergarten: ELA,Reading Foundational Skills - Phonics,Uppercase Letters,Uppercase T,Practice 2,100%,100%,100%,100%
Kindergarten: ELA,Reading Foundational Skills - Phonics,Uppercase Letters,Uppercase T,Basic,100%,,100%,100%
Kindergarten: ELA,Reading Foundational Skills - Phonics,Uppercase Letters,Uppercase U,Main,100%,,100%,100%
Kindergarten: ELA,Reading Foundational Skills - Phonics,Uppercase Letters,Uppercase U,Practice 1,100%,,100%,100%
Kindergarten: ELA,Reading Foundational Skills - Phonics,Uppercase Letters,Uppercase U,Practice 2,100%,100%,100%,100%
Kindergarten: ELA,Reading Foundational Skills - Phonics,Uppercase Letters,Uppercase U,Basic,100%,,100%,100%
Kindergarten: ELA,Reading Foundational Skills - Phonics,Uppercase Letters,Uppercase V,Main,100%,,100%,100%
Kindergarten: ELA,Reading Foundational Skills - Phonics,Uppercase Letters,Uppercase V,Practice 1,100%,,100%,100%
Kindergarten: ELA,Reading Foundational Skills - Phonics,Uppercase Letters,Uppercase V,Practice 2,100%,100%,100%,100%
Kindergarten: ELA,Reading Foundational Skills - Phonics,Uppercase Letters,Uppercase V,Basic,100%,,100%,100%
Kindergarten: ELA,Reading Foundational Skills - Phonics,Uppercase Letters,Uppercase W,Main,100%,,100%,100%
Kindergarten: ELA,Reading Foundational Skills - Phonics,Uppercase Letters,Uppercase W,Practice 1,100%,,100%,100%
Kindergarten: ELA,Reading Foundational Skills - Phonics,Uppercase Letters,Uppercase W,Practice 2,100%,100%,100%,100%
Kindergarten: ELA,Reading Foundational Skills - Phonics,Uppercase Letters,Uppercase W,Basic,100%,,100%,100%
Kindergarten: ELA,Reading Foundational Skills - Phonics,Uppercase Letters,Uppercase X,Main,100%,,100%,100%
Kindergarten: ELA,Reading Foundational Skills - Phonics,Uppercase Letters,Uppercase X,Practice 1,100%,,100%,100%
Kindergarten: ELA,Reading Foundational Skills - Phonics,Uppercase Letters,Uppercase X,Practice 2,100%,100%,100%,100%
Kindergarten: ELA,Reading Foundational Skills - Phonics,Uppercase Letters,Uppercase X,Basic,100%,,100%,100%
Kindergarten: ELA,Reading Foundational Skills - Phonics,Uppercase Letters,Uppercase Y,Main,100%,,100%,100%
Kindergarten: ELA,Reading Foundational Skills - Phonics,Uppercase Letters,Uppercase Y,Practice 1,100%,,100%,100%
Kindergarten: ELA,Reading Foundational Skills - Phonics,Uppercase Letters,Uppercase Y,Practice 2,100%,100%,100%,100%
Kindergarten: ELA,Reading Foundational Skills - Phonics,Uppercase Letters,Uppercase Y,Basic,100%,,100%,100%
Kindergarten: ELA,Reading Foundational Skills - Phonics,Uppercase Letters,Uppercase Z,Main,100%,,100%,100%
Kindergarten: ELA,Reading Foundational Skills - Phonics,Uppercase Letters,Uppercase Z,Practice 1,100%,,100%,100%
Kindergarten: ELA,Reading Foundational Skills - Phonics,Uppercase Letters,Uppercase Z,Practice 2,100%,100%,100%,100%
Kindergarten: ELA,Reading Foundational Skills - Phonics,Uppercase Letters,Uppercase Z,Basic,100%,,100%,100%
Kindergarten: ELA,Reading Foundational Skills - Phonics,Beginning Letter Sounds,Beginning Sound b,Main,87%,95%,100%,100%
Kindergarten: ELA,Reading Foundational Skills - Phonics,Beginning Letter Sounds,Beginning Sound b,Practice 1,84%,100%,100%,100%
Kindergarten: ELA,Reading Foundational Skills - Phonics,Beginning Letter Sounds,Beginning Sound b,Practice 2,100%,100%,100%,100%
Kindergarten: ELA,Reading Foundational Skills - Phonics,Beginning Letter Sounds,Beginning Sound b,Basic,92%,83%,100%,100%
Kindergarten: ELA,Reading Foundational Skills - Phonics,Beginning Letter Sounds,Beginning Sound c,Main,92%,100%,94%,100%
Kindergarten: ELA,Reading Foundational Skills - Phonics,Beginning Letter Sounds,Beginning Sound c,Practice 1,84%,100%,94%,100%
Kindergarten: ELA,Reading Foundational Skills - Phonics,Beginning Letter Sounds,Beginning Sound c,Practice 2,94%,100%,94%,100%
Kindergarten: ELA,Reading Foundational Skills - Phonics,Beginning Letter Sounds,Beginning Sound c,Basic,92%,83%,94%,100%
Kindergarten: ELA,Reading Foundational Skills - Phonics,Beginning Letter Sounds,Beginning Sound d,Main,86%,100%,100%,100%
Kindergarten: ELA,Reading Foundational Skills - Phonics,Beginning Letter Sounds,Beginning Sound d,Practice 1,82%,100%,100%,100%
Kindergarten: ELA,Reading Foundational Skills - Phonics,Beginning Letter Sounds,Beginning Sound d,Practice 2,100%,100%,100%,100%
Kindergarten: ELA,Reading Foundational Skills - Phonics,Beginning Letter Sounds,Beginning Sound d,Basic,92%,100%,100%,100%
Kindergarten: ELA,Reading Foundational Skills - Phonics,Beginning Letter Sounds,Beginning Sound f,Main,86%,100%,87%,100%
Kindergarten: ELA,Reading Foundational Skills - Phonics,Beginning Letter Sounds,Beginning Sound f,Practice 1,88%,100%,87%,100%
Kindergarten: ELA,Reading Foundational Skills - Phonics,Beginning Letter Sounds,Beginning Sound f,Practice 2,87%,100%,87%,100%
Kindergarten: ELA,Reading Foundational Skills - Phonics,Beginning Letter Sounds,Beginning Sound f,Basic,92%,92%,87%,100%
Kindergarten: ELA,Reading Foundational Skills - Phonics,Beginning Letter Sounds,Beginning Sound g,Main,87%,100%,100%,100%
Kindergarten: ELA,Reading Foundational Skills - Phonics,Beginning Letter Sounds,Beginning Sound g,Practice 1,87%,95%,100%,100%
Kindergarten: ELA,Reading Foundational Skills - Phonics,Beginning Letter Sounds,Beginning Sound g,Practice 2,100%,100%,100%,100%
Kindergarten: ELA,Reading Foundational Skills - Phonics,Beginning Letter Sounds,Beginning Sound g,Basic,83%,92%,100%,100%
Kindergarten: ELA,Reading Foundational Skills - Phonics,Beginning Letter Sounds,Beginning Sound h,Main,86%,92%,100%,100%
Kindergarten: ELA,Reading Foundational Skills - Phonics,Beginning Letter Sounds,Beginning Sound h,Practice 1,86%,94%,100%,100%
Kindergarten: ELA,Reading Foundational Skills - Phonics,Beginning Letter Sounds,Beginning Sound h,Practice 2,100%,100%,100%,100%
Kindergarten: ELA,Reading Foundational Skills - Phonics,Beginning Letter Sounds,Beginning Sound h,Basic,92%,100%,100%,100%
Kindergarten: ELA,Reading Foundational Skills - Phonics,Beginning Letter Sounds,Beginning Sound j,Main,84%,,84%,100%
Kindergarten: ELA,Reading Foundational Skills - Phonics,Beginning Letter Sounds,Beginning Sound j,Practice 1,100%,100%,84%,100%
Kindergarten: ELA,Reading Foundational Skills - Phonics,Beginning Letter Sounds,Beginning Sound j,Practice 2,,100%,84%,100%
Kindergarten: ELA,Reading Foundational Skills - Phonics,Beginning Letter Sounds,Beginning Sound j,Basic,92%,83%,84%,100%
Kindergarten: ELA,Reading Foundational Skills - Phonics,Beginning Letter Sounds,Beginning Sound k,Main,78%,100%,100%,100%
Kindergarten: ELA,Reading Foundational Skills - Phonics,Beginning Letter Sounds,Beginning Sound k,Practice 1,100%,94%,100%,100%
Kindergarten: ELA,Reading Foundational Skills - Phonics,Beginning Letter Sounds,Beginning Sound k,Practice 2,,100%,100%,100%
Kindergarten: ELA,Reading Foundational Skills - Phonics,Beginning Letter Sounds,Beginning Sound k,Basic,92%,83%,100%,100%
Kindergarten: ELA,Reading Foundational Skills - Phonics,Beginning Letter Sounds,Beginning Sound l,Main,100%,95%,100%,92%
Kindergarten: ELA,Reading Foundational Skills - Phonics,Beginning Letter Sounds,Beginning Sound l,Practice 1,91%,92%,100%,92%
Kindergarten: ELA,Reading Foundational Skills - Phonics,Beginning Letter Sounds,Beginning Sound l,Practice 2,,,100%,92%
Kindergarten: ELA,Reading Foundational Skills - Phonics,Beginning Letter Sounds,Beginning Sound l,Basic,100%,83%,100%,92%
Kindergarten: ELA,Reading Foundational Skills - Phonics,Beginning Letter Sounds,Beginning Sound m,Main,,94%,94%,100%
Kindergarten: ELA,Reading Foundational Skills - Phonics,Beginning Letter Sounds,Beginning Sound m,Practice 1,94%,,94%,100%
Kindergarten: ELA,Reading Foundational Skills - Phonics,Beginning Letter Sounds,Beginning Sound m,Practice 2,100%,100%,94%,100%
Kindergarten: ELA,Reading Foundational Skills - Phonics,Beginning Letter Sounds,Beginning Sound m,Basic,92%,83%,94%,100%
Kindergarten: ELA,Reading Foundational Skills - Phonics,Beginning Letter Sounds,Beginning Sound n,Main,100%,100%,95%,100%
Kindergarten: ELA,Reading Foundational Skills - Phonics,Beginning Letter Sounds,Beginning Sound n,Practice 1,95%,95%,95%,100%
Kindergarten: ELA,Reading Foundational Skills - Phonics,Beginning Letter Sounds,Beginning Sound n,Practice 2,60%,100%,95%,100%
Kindergarten: ELA,Reading Foundational Skills - Phonics,Beginning Letter Sounds,Beginning Sound n,Basic,83%,83%,95%,100%
Kindergarten: ELA,Reading Foundational Skills - Phonics,Beginning Letter Sounds,Beginning Sound p,Main,86%,92%,86%,100%
Kindergarten: ELA,Reading Foundational Skills - Phonics,Beginning Letter Sounds,Beginning Sound p,Practice 1,,100%,86%,100%
Kindergarten: ELA,Reading Foundational Skills - Phonics,Beginning Letter Sounds,Beginning Sound p,Practice 2,,100%,86%,100%
Kindergarten: ELA,Reading Foundational Skills - Phonics,Beginning Letter Sounds,Beginning Sound p,Basic,83%,88%,86%,100%
Kindergarten: ELA,Reading Foundational Skills - Phonics,Beginning Letter Sounds,Beginning Sound q,Main,84%,94%,100%,100%
Kindergarten: ELA,Reading Foundational Skills - Phonics,Beginning Letter Sounds,Beginning Sound q,Practice 1,100%,92%,100%,100%
Kindergarten: ELA,Reading Foundational Skills - Phonics,Beginning Letter Sounds,Beginning Sound q,Practice 2,,100%,100%,100%
Kindergarten: ELA,Reading Foundational Skills - Phonics,Beginning Letter Sounds,Beginning Sound q,Basic,92%,83%,100%,100%
Kindergarten: ELA,Reading Foundational Skills - Phonics,Beginning Letter Sounds,Beginning Sound r,Main,86%,100%,86%,100%
Kindergarten: ELA,Reading Foundational Skills - Phonics,Beginning Letter Sounds,Beginning Sound r,Practice 1,,100%,86%,100%
Kindergarten: ELA,Reading Foundational Skills - Phonics,Beginning Letter Sounds,Beginning Sound r,Practice 2,,100%,86%,100%
Kindergarten: ELA,Reading Foundational Skills - Phonics,Beginning Letter Sounds,Beginning Sound r,Basic,100%,83%,86%,100%
Kindergarten: ELA,Reading Foundational Skills - Phonics,Beginning Letter Sounds,Beginning Sound s,Main,86%,100%,86%,100%
Kindergarten: ELA,Reading Foundational Skills - Phonics,Beginning Letter Sounds,Beginning Sound s,Practice 1,,100%,86%,100%
Kindergarten: ELA,Reading Foundational Skills - Phonics,Beginning Letter Sounds,Beginning Sound s,Practice 2,,100%,86%,100%
Kindergarten: ELA,Reading Foundational Skills - Phonics,Beginning Letter Sounds,Beginning Sound s,Basic,92%,92%,86%,100%
Kindergarten: ELA,Reading Foundational Skills - Phonics,Beginning Letter Sounds,Beginning Sound t,Main,86%,100%,95%,100%
Kindergarten: ELA,Reading Foundational Skills - Phonics,Beginning Letter Sounds,Beginning Sound t,Practice 1,95%,87%,95%,100%
Kindergarten: ELA,Reading Foundational Skills - Phonics,Beginning Letter Sounds,Beginning Sound t,Practice 2,,100%,95%,100%
Kindergarten: ELA,Reading Foundational Skills - Phonics,Beginning Letter Sounds,Beginning Sound t,Basic,83%,92%,95%,100%
Kindergarten: ELA,Reading Foundational Skills - Phonics,Beginning Letter Sounds,Beginning Sound v,Main,95%,92%,95%,100%
Kindergarten: ELA,Reading Foundational Skills - Phonics,Beginning Letter Sounds,Beginning Sound v,Practice 1,,92%,95%,100%
Kindergarten: ELA,Reading Foundational Skills - Phonics,Beginning Letter Sounds,Beginning Sound v,Practice 2,,100%,95%,100%
Kindergarten: ELA,Reading Foundational Skills - Phonics,Beginning Letter Sounds,Beginning Sound v,Basic,83%,92%,95%,100%
Kindergarten: ELA,Reading Foundational Skills - Phonics,Beginning Letter Sounds,Beginning Sound w,Main,67%,100%,67%,100%
Kindergarten: ELA,Reading Foundational Skills - Phonics,Beginning Letter Sounds,Beginning Sound w,Practice 1,,95%,67%,100%
Kindergarten: ELA,Reading Foundational Skills - Phonics,Beginning Letter Sounds,Beginning Sound w,Practice 2,,100%,67%,100%
Kindergarten: ELA,Reading Foundational Skills - Phonics,Beginning Letter Sounds,Beginning Sound w,Basic,92%,92%,67%,100%
Kindergarten: ELA,Reading Foundational Skills - Phonics,Beginning Letter Sounds,Beginning Sound y,Main,86%,100%,86%,100%
Kindergarten: ELA,Reading Foundational Skills - Phonics,Beginning Letter Sounds,Beginning Sound y,Practice 1,,100%,86%,100%
Kindergarten: ELA,Reading Foundational Skills - Phonics,Beginning Letter Sounds,Beginning Sound y,Practice 2,,100%,86%,100%
Kindergarten: ELA,Reading Foundational Skills - Phonics,Beginning Letter Sounds,Beginning Sound y,Basic,100%,100%,86%,100%
Kindergarten: ELA,Reading Foundational Skills - Phonics,Beginning Letter Sounds,Beginning Sound z,Main,,95%,94%,100%
Kindergarten: ELA,Reading Foundational Skills - Phonics,Beginning Letter Sounds,Beginning Sound z,Practice 1,95%,100%,94%,100%
Kindergarten: ELA,Reading Foundational Skills - Phonics,Beginning Letter Sounds,Beginning Sound z,Practice 2,94%,100%,94%,100%
Kindergarten: ELA,Reading Foundational Skills - Phonics,Beginning Letter Sounds,Beginning Sound z,Basic,100%,92%,94%,100%
Kindergarten: ELA,Reading Foundational Skills - Phonics,Ending Letter Sounds,Ending Sound b,Main,100%,,100%,100%
Kindergarten: ELA,Reading Foundational Skills - Phonics,Ending Letter Sounds,Ending Sound b,Practice 1,,,100%,100%
Kindergarten: ELA,Reading Foundational Skills - Phonics,Ending Letter Sounds,Ending Sound b,Practice 2,,100%,100%,100%
Kindergarten: ELA,Reading Foundational Skills - Phonics,Ending Letter Sounds,Ending Sound b,Basic,100%,100%,100%,100%
Kindergarten: ELA,Reading Foundational Skills - Phonics,Ending Letter Sounds,Ending Sound d,Main,,,,100%
Kindergarten: ELA,Reading Foundational Skills - Phonics,Ending Letter Sounds,Ending Sound d,Practice 1,,,,100%
Kindergarten: ELA,Reading Foundational Skills - Phonics,Ending Letter Sounds,Ending Sound d,Practice 2,,100%,,100%
Kindergarten: ELA,Reading Foundational Skills - Phonics,Ending Letter Sounds,Ending Sound d,Basic,100%,100%,,100%
Kindergarten: ELA,Reading Foundational Skills - Phonics,Ending Letter Sounds,Ending Sound g,Main,,100%,,100%
Kindergarten: ELA,Reading Foundational Skills - Phonics,Ending Letter Sounds,Ending Sound g,Practice 1,,,,100%
Kindergarten: ELA,Reading Foundational Skills - Phonics,Ending Letter Sounds,Ending Sound g,Practice 2,,100%,,100%
Kindergarten: ELA,Reading Foundational Skills - Phonics,Ending Letter Sounds,Ending Sound g,Basic,,100%,,100%
Kindergarten: ELA,Reading Foundational Skills - Phonics,Ending Letter Sounds,Ending Sound k,Main,,100%,,100%
Kindergarten: ELA,Reading Foundational Skills - Phonics,Ending Letter Sounds,Ending Sound k,Practice 1,,,,100%
Kindergarten: ELA,Reading Foundational Skills - Phonics,Ending Letter Sounds,Ending Sound k,Practice 2,,100%,,100%
Kindergarten: ELA,Reading Foundational Skills - Phonics,Ending Letter Sounds,Ending Sound k,Basic,,100%,,100%
Kindergarten: ELA,Reading Foundational Skills - Phonics,Ending Letter Sounds,Ending Sound l,Main,,,,100%
Kindergarten: ELA,Reading Foundational Skills - Phonics,Ending Letter Sounds,Ending Sound l,Practice 1,,,,100%
Kindergarten: ELA,Reading Foundational Skills - Phonics,Ending Letter Sounds,Ending Sound l,Practice 2,,100%,,100%
Kindergarten: ELA,Reading Foundational Skills - Phonics,Ending Letter Sounds,Ending Sound l,Basic,,100%,,100%
Kindergarten: ELA,Reading Foundational Skills - Phonics,Ending Letter Sounds,Ending Sound m,Main,,,,100%
Kindergarten: ELA,Reading Foundational Skills - Phonics,Ending Letter Sounds,Ending Sound m,Practice 1,,,,100%
Kindergarten: ELA,Reading Foundational Skills - Phonics,Ending Letter Sounds,Ending Sound m,Practice 2,,100%,,100%
Kindergarten: ELA,Reading Foundational Skills - Phonics,Ending Letter Sounds,Ending Sound m,Basic,,100%,,100%
Kindergarten: ELA,Reading Foundational Skills - Phonics,Ending Letter Sounds,Ending Sound n,Main,,,,100%
Kindergarten: ELA,Reading Foundational Skills - Phonics,Ending Letter Sounds,Ending Sound n,Practice 1,,,,100%
Kindergarten: ELA,Reading Foundational Skills - Phonics,Ending Letter Sounds,Ending Sound n,Practice 2,,100%,,100%
Kindergarten: ELA,Reading Foundational Skills - Phonics,Ending Letter Sounds,Ending Sound n,Basic,,100%,,100%
Kindergarten: ELA,Reading Foundational Skills - Phonics,Ending Letter Sounds,Ending Sound p,Main,,,,100%
Kindergarten: ELA,Reading Foundational Skills - Phonics,Ending Letter Sounds,Ending Sound p,Practice 1,,,,100%
Kindergarten: ELA,Reading Foundational Skills - Phonics,Ending Letter Sounds,Ending Sound p,Practice 2,,100%,,100%
Kindergarten: ELA,Reading Foundational Skills - Phonics,Ending Letter Sounds,Ending Sound p,Basic,,100%,,100%
Kindergarten: ELA,Reading Foundational Skills - Phonics,Ending Letter Sounds,Ending Sound s,Main,,,,100%
Kindergarten: ELA,Reading Foundational Skills - Phonics,Ending Letter Sounds,Ending Sound s,Practice 1,,,,100%
Kindergarten: ELA,Reading Foundational Skills - Phonics,Ending Letter Sounds,Ending Sound s,Practice 2,,100%,,100%
Kindergarten: ELA,Reading Foundational Skills - Phonics,Ending Letter Sounds,Ending Sound s,Basic,,100%,,100%
Kindergarten: ELA,Reading Foundational Skills - Phonics,Ending Letter Sounds,Ending Sound t,Main,,,,100%
Kindergarten: ELA,Reading Foundational Skills - Phonics,Ending Letter Sounds,Ending Sound t,Practice 1,,,,100%
Kindergarten: ELA,Reading Foundational Skills - Phonics,Ending Letter Sounds,Ending Sound t,Practice 2,,100%,,100%
Kindergarten: ELA,Reading Foundational Skills - Phonics,Ending Letter Sounds,Ending Sound t,Basic,,89%,,100%
Kindergarten: ELA,Reading Foundational Skills - Phonics,Ending Letter Sounds,Ending Sound x,Main,,,,95%
Kindergarten: ELA,Reading Foundational Skills - Phonics,Ending Letter Sounds,Ending Sound x,Practice 1,,,,95%
Kindergarten: ELA,Reading Foundational Skills - Phonics,Ending Letter Sounds,Ending Sound x,Practice 2,,95%,,95%
Kindergarten: ELA,Reading Foundational Skills - Phonics,Ending Letter Sounds,Ending Sound x,Basic,,100%,,95%
Kindergarten: ELA,Reading Foundational Skills - Phonics,Short Vowel Sounds,Short Vowel Sound a,Main,,100%,,100%
Kindergarten: ELA,Reading Foundational Skills - Phonics,Short Vowel Sounds,Short Vowel Sound a,Practice 1,,100%,,100%
Kindergarten: ELA,Reading Foundational Skills - Phonics,Short Vowel Sounds,Short Vowel Sound a,Basic,,100%,,100%
Kindergarten: ELA,Reading Foundational Skills - Phonics,Short Vowel Sounds,Short Vowel Sound e,Main,,100%,,100%
Kindergarten: ELA,Reading Foundational Skills - Phonics,Short Vowel Sounds,Short Vowel Sound e,Practice 1,,100%,,100%
Kindergarten: ELA,Reading Foundational Skills - Phonics,Short Vowel Sounds,Short Vowel Sound e,Basic,,100%,,100%
Kindergarten: ELA,Reading Foundational Skills - Phonics,Short Vowel Sounds,Short Vowel Sound i,Main,,100%,,84%
Kindergarten: ELA,Reading Foundational Skills - Phonics,Short Vowel Sounds,Short Vowel Sound i,Practice 1,,84%,,84%
Kindergarten: ELA,Reading Foundational Skills - Phonics,Short Vowel Sounds,Short Vowel Sound i,Basic,,100%,,84%
Kindergarten: ELA,Reading Foundational Skills - Phonics,Short Vowel Sounds,Short Vowel Sound o,Main,,100%,,100%
Kindergarten: ELA,Reading Foundational Skills - Phonics,Short Vowel Sounds,Short Vowel Sound o,Practice 1,,100%,,100%
Kindergarten: ELA,Reading Foundational Skills - Phonics,Short Vowel Sounds,Short Vowel Sound o,Basic,,100%,,100%
Kindergarten: ELA,Reading Foundational Skills - Phonics,Short Vowel Sounds,Short Vowel Sound u,Main,,100%,,100%
Kindergarten: ELA,Reading Foundational Skills - Phonics,Short Vowel Sounds,Short Vowel Sound u,Practice 1,,100%,,100%
Kindergarten: ELA,Reading Foundational Skills - Phonics,Short Vowel Sounds,Short Vowel Sound u,Basic,,100%,,100%
Kindergarten: ELA,Reading Foundational Skills - Phonics,CVC Words - Beginning Sounds,"Words with b, c, d",Main,92%,100%,92%,92%
Kindergarten: ELA,Reading Foundational Skills - Phonics,CVC Words - Beginning Sounds,"Words with b, c, d",Practice 1,,92%,92%,92%
Kindergarten: ELA,Reading Foundational Skills - Phonics,CVC Words - Beginning Sounds,"Words with b, c, d",Practice 2,,83%,92%,92%
Kindergarten: ELA,Reading Foundational Skills - Phonics,CVC Words - Beginning Sounds,"Words with f, g, h",Main,,100%,,83%
Kindergarten: ELA,Reading Foundational Skills - Phonics,CVC Words - Beginning Sounds,"Words with f, g, h",Practice 1,,89%,,83%
Kindergarten: ELA,Reading Foundational Skills - Phonics,CVC Words - Beginning Sounds,"Words with f, g, h",Practice 2,,83%,,83%
Kindergarten: ELA,Reading Foundational Skills - Phonics,CVC Words - Beginning Sounds,"Words with j, k, l",Main,,92%,,92%
Kindergarten: ELA,Reading Foundational Skills - Phonics,CVC Words - Beginning Sounds,"Words with j, k, l",Practice 1,,92%,,92%
Kindergarten: ELA,Reading Foundational Skills - Phonics,CVC Words - Beginning Sounds,"Words with j, k, l",Practice 2,,83%,,92%
Kindergarten: ELA,Reading Foundational Skills - Phonics,CVC Words - Beginning Sounds,"Words with m, n, p",Main,,83%,,81%
Kindergarten: ELA,Reading Foundational Skills - Phonics,CVC Words - Beginning Sounds,"Words with m, n, p",Practice 1,,81%,,81%
Kindergarten: ELA,Reading Foundational Skills - Phonics,CVC Words - Beginning Sounds,"Words with m, n, p",Practice 2,,83%,,81%
Kindergarten: ELA,Reading Foundational Skills - Phonics,CVC Words - Beginning Sounds,Other Words,Main,,92%,,92%
Kindergarten: ELA,Reading Foundational Skills - Phonics,CVC Words - Beginning Sounds,Other Words,Practice 1,,100%,,92%
Kindergarten: ELA,Reading Foundational Skills - Phonics,CVC Words - Beginning Sounds,Other Words,Practice 2,,83%,,92%
Kindergarten: ELA,Reading Foundational Skills - Phonics,CVC Words - Ending Sounds,Words with b & d,Main,,89%,,89%
Kindergarten: ELA,Reading Foundational Skills - Phonics,CVC Words - Ending Sounds,Words with b & d,Practice 1,,100%,,89%
Kindergarten: ELA,Reading Foundational Skills - Phonics,CVC Words - Ending Sounds,Words with b & d,Practice 2,,,,89%
Kindergarten: ELA,Reading Foundational Skills - Phonics,CVC Words - Ending Sounds,Words with g & k,Main,,83%,,83%
Kindergarten: ELA,Reading Foundational Skills - Phonics,CVC Words - Ending Sounds,Words with g & k,Practice 1,,83%,,83%
Kindergarten: ELA,Reading Foundational Skills - Phonics,CVC Words - Ending Sounds,Words with g & k,Practice 2,,,,83%
Kindergarten: ELA,Reading Foundational Skills - Phonics,CVC Words - Ending Sounds,Words with m & n,Main,,100%,,100%
Kindergarten: ELA,Reading Foundational Skills - Phonics,CVC Words - Ending Sounds,Words with m & n,Practice 1,,56%,,100%
Kindergarten: ELA,Reading Foundational Skills - Phonics,CVC Words - Ending Sounds,Words with m & n,Practice 2,,,,100%
Kindergarten: ELA,Reading Foundational Skills - Phonics,CVC Words - Ending Sounds,Words with p & s,Main,,83%,,83%
Kindergarten: ELA,Reading Foundational Skills - Phonics,CVC Words - Ending Sounds,Words with p & s,Practice 1,,83%,,83%
Kindergarten: ELA,Reading Foundational Skills - Phonics,CVC Words - Ending Sounds,Words with p & s,Practice 2,,,,83%
Kindergarten: ELA,Reading Foundational Skills - Phonics,CVC Words - Ending Sounds,Words with t & x,Main,,83%,,89%
Kindergarten: ELA,Reading Foundational Skills - Phonics,CVC Words - Ending Sounds,Words with t & x,Practice 1,,89%,,89%
Kindergarten: ELA,Reading Foundational Skills - Phonics,CVC Words - Ending Sounds,Words with t & x,Practice 2,,,,89%
Kindergarten: ELA,Reading Foundational Skills - Phonics,CVC Words - Middle Sounds,Words with a,Main,,75%,,88%
Kindergarten: ELA,Reading Foundational Skills - Phonics,CVC Words - Middle Sounds,Words with a,Practice 1,,88%,,88%
Kindergarten: ELA,Reading Foundational Skills - Phonics,CVC Words - Middle Sounds,Words with a,Practice 2,,,,88%
Kindergarten: ELA,Reading Foundational Skills - Phonics,CVC Words - Middle Sounds,Words with e,Main,,100%,,83%
Kindergarten: ELA,Reading Foundational Skills - Phonics,CVC Words - Middle Sounds,Words with e,Practice 1,,83%,,83%
Kindergarten: ELA,Reading Foundational Skills - Phonics,CVC Words - Middle Sounds,Words with e,Practice 2,,,,83%
Kindergarten: ELA,Reading Foundational Skills - Phonics,CVC Words - Middle Sounds,Words with i,Main,,100%,,100%
Kindergarten: ELA,Reading Foundational Skills - Phonics,CVC Words - Middle Sounds,Words with i,Practice 1,,100%,,100%
Kindergarten: ELA,Reading Foundational Skills - Phonics,CVC Words - Middle Sounds,Words with i,Practice 2,,,,100%
Kindergarten: ELA,Reading Foundational Skills - Phonics,CVC Words - Middle Sounds,Words with o,Main,,100%,,88%
Kindergarten: ELA,Reading Foundational Skills - Phonics,CVC Words - Middle Sounds,Words with o,Practice 1,,88%,,88%
Kindergarten: ELA,Reading Foundational Skills - Phonics,CVC Words - Middle Sounds,Words with o,Practice 2,,,,88%
Kindergarten: ELA,Reading Foundational Skills - Phonics,CVC Words - Middle Sounds,Words with u,Main,,88%,,88%
Kindergarten: ELA,Reading Foundational Skills - Phonics,CVC Words - Middle Sounds,Words with u,Practice 1,,88%,,88%
Kindergarten: ELA,Reading Foundational Skills - Phonics,CVC Words - Middle Sounds,Words with u,Practice 2,,,,88%
Kindergarten: ELA,Writing,Writing Words,Draw Lines,Direct,,,,
Kindergarten: ELA,Writing,Writing Words,Uppercase Words,Direct,,,,
Kindergarten: ELA,Writing,Writing Words,Lowercase Words,Direct,,,,
Kindergarten: ELA,Writing,Writing Words,More Words,Direct,,,,
Kindergarten: ELA,Writing,Informative Writing & Sequencing,Informative Text,Direct,,,,
Kindergarten: ELA,Writing,Informative Writing & Sequencing,"First, Then, Next",Direct,,,,
Kindergarten: ELA,Language,Prepositions,Prepositions,Main,,,,
Kindergarten: ELA,Language,Prepositions,Prepositions,Practice 1,,,,
Kindergarten: ELA,Language,Prepositions,Prepositions,Practice 2,,,,
Kindergarten: ELA,Language,Prepositions,Prepositions,Basic,,,,
Kindergarten: ELA,Language,Vocabulary & Sorting Objects,Animals & Vehicles,Main,,,,
Kindergarten: ELA,Language,Vocabulary & Sorting Objects,Animals & Vehicles,Practice 1,,,,
Kindergarten: ELA,Language,Vocabulary & Sorting Objects,Animals & Vehicles,Practice 2,,,,
Kindergarten: ELA,Language,Vocabulary & Sorting Objects,Clothes & Food,Main,,,,
Kindergarten: ELA,Language,Vocabulary & Sorting Objects,Clothes & Food,Practice 1,,,,
Kindergarten: ELA,Language,Vocabulary & Sorting Objects,Clothes & Food,Practice 2,,,,
Kindergarten: ELA,Language,Vocabulary & Sorting Objects,Plants & People,Main,,,,
Kindergarten: ELA,Language,Vocabulary & Sorting Objects,Plants & People,Practice 1,,,,
Kindergarten: ELA,Language,Vocabulary & Sorting Objects,Plants & People,Practice 2,,,,
Kindergarten: ELA,Language,Opposites,Opposites 1,Main,,,,
Kindergarten: ELA,Language,Opposites,Opposites 1,Practice 1,,,,
Kindergarten: ELA,Language,Opposites,Opposites 1,Basic,,,,
Kindergarten: ELA,Language,Opposites,Opposites 2,Main,,,,
Kindergarten: ELA,Language,Opposites,Opposites 2,Practice 1,,,,
Kindergarten: ELA,Language,Opposites,Opposites 2,Basic,,,,
Kindergarten: ELA,Language,Opposites,Opposites 3,Main,,,,
Kindergarten: ELA,Language,Opposites,Opposites 3,Practice 1,,,,
Kindergarten: ELA,Language,Opposites,Opposites 3,Basic,,,,
Kindergarten: ELA,Reading Literature,Key Ideas & Details,Ask While You Read,Main,,,,
Kindergarten: ELA,Reading Literature,Key Ideas & Details,Ask While You Read,Practice 1,,,,
Kindergarten: ELA,Reading Literature,Key Ideas & Details,Ask While You Read,Basic,,,,
Kindergarten: ELA,Reading Literature,Key Ideas & Details,"Who, When, Where",Main,,,,
Kindergarten: ELA,Reading Literature,Key Ideas & Details,"Who, When, Where",Practice 1,,,,
Kindergarten: ELA,Reading Literature,Key Ideas & Details,"Who, When, Where",Basic,,,,
Kindergarten: ELA,Reading Literature,Key Ideas & Details,"What, Why, How",Main,,,,
Kindergarten: ELA,Reading Literature,Key Ideas & Details,"What, Why, How",Practice 1,,,,
Kindergarten: ELA,Reading Literature,Key Ideas & Details,"What, Why, How",Basic,,,,
Kindergarten: ELA,Reading Literature,Key Ideas & Details,Identify Characters,Main,,,,
Kindergarten: ELA,Reading Literature,Key Ideas & Details,Identify Characters,Practice 1,,,,
Kindergarten: ELA,Reading Literature,Key Ideas & Details,Identify Characters,Basic,,,,
Kindergarten: ELA,Reading Literature,Key Ideas & Details,Identify Setting,Main,,,,
Kindergarten: ELA,Reading Literature,Key Ideas & Details,Identify Setting,Practice 1,,,,
Kindergarten: ELA,Reading Literature,Key Ideas & Details,Identify Setting,Basic,,,,
Kindergarten: ELA,Reading Literature,Key Ideas & Details,Important Details,Main,,,,
Kindergarten: ELA,Reading Literature,Key Ideas & Details,Important Details,Practice 1,,,,
Kindergarten: ELA,Reading Literature,Key Ideas & Details,Important Details,Basic,,,,
Kindergarten: ELA,Reading Literature,Key Ideas & Details,Retell - Sequencing,Main,,,,
Kindergarten: ELA,Reading Literature,Key Ideas & Details,Retell - Sequencing,Practice 1,,,,
Kindergarten: ELA,Reading Literature,Key Ideas & Details,Retell - Sequencing,Basic,,,,
Kindergarten: ELA,Reading Literature,Integrating Text & Illustrations,Illustrations,Main,,,,
Kindergarten: ELA,Reading Literature,Integrating Text & Illustrations,Illustrations,Practice 1,,,,
Kindergarten: ELA,Reading Literature,Integrating Text & Illustrations,Illustrations,Basic,,,,
Kindergarten: ELA,Reading Literature,Words & Structure,Unknown Words,Main,,,,
Kindergarten: ELA,Reading Literature,Words & Structure,Unknown Words,Practice 1,,,,
Kindergarten: ELA,Reading Literature,Words & Structure,Unknown Words,Basic,,,,
Kindergarten: ELA,Reading Literature,Early Readers,Mud,Direct,,,,
Kindergarten: ELA,Reading Literature,Early Readers,Sad Ollo,Direct,,,,
Kindergarten: ELA,Reading Literature,Early Readers,The Big Bed,Direct,,,,
Kindergarten: ELA,Reading Literature,Early Readers,Reya's Bug,Direct,,,,
Kindergarten: ELA,Reading Literature,Early Readers,What Is It?,Direct,,,,
Kindergarten: ELA,Reading Literature,Early Readers,Jam in the Vat,Direct,,,,
Kindergarten: ELA,Reading Literature,Early Readers,So Hot,Direct,,,,
Kindergarten: ELA,Reading Literature,Early Readers,Hop Hop Hop,Direct,,,,
Kindergarten: ELA,Reading Literature,Early Readers,The Cup is Up,Direct,,,,
Kindergarten: ELA,Reading Literature,Early Readers,Look at My Pen,Direct,,,,
Kindergarten: ELA,Reading Literature,Early Readers,Look at It Go,Direct,,,,
Kindergarten: ELA,Reading Literature,Early Readers,Come On,Direct,,,,
Kindergarten: ELA,Reading Literature,Early Readers,Peck's Big Day,Direct,,,,
Kindergarten: ELA,Reading Literature,Early Readers,Gum on the Rug,Direct,,,,
Kindergarten: ELA,Reading Literature,Early Readers,Fun to Read,Direct,,,,
Kindergarten: ELA,Reading Literature,Early Readers,The Big Fish,Direct,,,,
Kindergarten: ELA,Reading Literature,Early Readers,The Box,Direct,,,,
Kindergarten: ELA,Reading Literature,Early Readers,Race to the Lake,Direct,,,,
Kindergarten: ELA,Reading Literature,Early Readers,A Nice Day,Direct,,,,
Kindergarten: ELA,Reading Literature,Early Readers,Ollo's Bike,Direct,,,,
Kindergarten: ELA,Reading Literature,Early Readers,Peck Plays a Tune,Direct,,,,
Kindergarten: ELA,Reading Literature,Stories,Play Ball,Direct,,,,
Kindergarten: ELA,Reading Literature,Stories,Something New,Direct,,,,
Kindergarten: ELA,Reading Literature,Stories,Why,Direct,,,,
Kindergarten: ELA,Reading Literature,Stories,Being Together,Direct,,,,
Kindergarten: ELA,Reading Literature,Stories,Cool Beans,Direct,,,,
Kindergarten: ELA,Reading Literature,Stories with Lessons,Feel Better,Direct,,,,
Kindergarten: ELA,Reading Literature,Stories with Lessons,A Helping Hand,Direct,,,,
Kindergarten: ELA,Reading Literature,Stories with Lessons,While You're Away,Direct,,,,
Kindergarten: ELA,Reading Literature,Stories with Lessons,I'll Go First,Direct,,,,
Kindergarten: ELA,Reading Literature,Stories with Lessons,Keep It Down,Direct,,,,
Kindergarten: ELA,Reading Literature,Stories with Lessons,Into the Night,Direct,,,,
Kindergarten: ELA,Reading Literature,Stories with Lessons,Face to Face,Direct,,,,
Kindergarten: ELA,Reading Literature,Stories with Lessons,On Vacation,Direct,,,,
Kindergarten: ELA,Reading Literature,Stories with Lessons,Got to Be Me,Direct,,,,
Kindergarten: ELA,Reading Literature,Stories with Lessons,A New Addition,Direct,,,,
Kindergarten: ELA,Reading Literature,Stories with Lessons,The Finish Line,Direct,,,,
Kindergarten: ELA,Reading Literature,Stories with Lessons,Out of Orbit,Direct,,,,
Kindergarten: ELA,Reading Literature,Stories with Lessons,Starting School,Direct,,,,
Kindergarten: ELA,Reading Literature,Stories with Lessons,Flower Friends,Direct,,,,
Kindergarten: ELA,Reading Literature,Stories with Lessons,Guppy's Treasure,Direct,,,,
Kindergarten: ELA,Reading Literature,Stories with People,Calming Down,Direct,,,,
Kindergarten: ELA,Reading Literature,Stories with People,Big Kids Can Cry,Direct,,,,
Kindergarten: ELA,Reading Literature,Stories with People,Let's Play,Direct,,,,
Kindergarten: ELA,Reading Literature,Stories with People,Wait For It,Direct,,,,
Kindergarten: ELA,Reading Literature,Stories with People,Just Ask,Direct,,,,
Kindergarten: ELA,Reading Literature,Stories with People,Skin Colors,Direct,,,,
Kindergarten: ELA,Reading Literature,Stories with People,Catching Bugs,Direct,,,,
Kindergarten: ELA,Reading Literature,Stories with People,Different Not Weird,Direct,,,,
Kindergarten: ELA,Reading Literature,Stories with People,Pranking Problems,Direct,,,,
Kindergarten: ELA,Reading Literature,Stories with People,A Problem at Night,Direct,,,,
Kindergarten: ELA,Reading Literature,Stories with People,Bonjou,Direct,,,,
Kindergarten: ELA,Reading Literature,Stories with People,Trading Lunches,Direct,,,,
Kindergarten: ELA,Reading Literature,Stories with People,Give It a Try,Direct,,,,
Kindergarten: ELA,Reading Literature,Stories with People,Save It Or Spend It,Direct,,,,
Kindergarten: ELA,Reading Literature,Stories with People,Something Warm,Direct,,,,
Kindergarten: ELA,Reading Literature,Stories with People,Friendship Takes Time,Direct,,,,
Kindergarten: ELA,Reading Literature,Stories with People,Pink Is For Everyone,Direct,,,,
Kindergarten: ELA,Reading Literature,Stories with People,Star of the Show,Direct,,,,
Kindergarten: ELA,Reading Literature,Stories with People,That's Not Fair,Direct,,,,
Kindergarten: ELA,Reading Informational Text,Non-Fiction: Animals,Baby Dogs,Direct,,,,
Kindergarten: ELA,Reading Informational Text,Non-Fiction: Animals,Baby Horses,Direct,,,,
Kindergarten: ELA,Reading Informational Text,Non-Fiction: Animals,Baby Tigers,Direct,,,,
Kindergarten: ELA,Reading Informational Text,Non-Fiction: Animals,Baby Ducks,Direct,,,,
Kindergarten: ELA,Reading Informational Text,Non-Fiction: Animals,Salamanders,Direct,,,,
Kindergarten: ELA,Reading Informational Text,Non-Fiction: Animals,Baby Elephants,Direct,,,,
Kindergarten: ELA,Reading Informational Text,Non-Fiction: Animals,Bats,Direct,,,,
Kindergarten: ELA,Reading Informational Text,Non-Fiction: Animals,Baby Koalas,Direct,,,,
Kindergarten: ELA,Reading Informational Text,Non-Fiction: Animals,Baby Bears,Direct,,,,
Kindergarten: ELA,Reading Informational Text,Non-Fiction: Animals,Cockroaches,Direct,,,,
Kindergarten: ELA,Reading Informational Text,Non-Fiction: Animals,Snakes,Direct,,,,
Kindergarten: ELA,Reading Informational Text,Non-Fiction: Animals,Baby Gorillas,Direct,,,,
Kindergarten: ELA,Reading Informational Text,Non-Fiction: Animals,Baby Lions,Direct,,,,
Kindergarten: ELA,Reading Informational Text,Non-Fiction: Animals,Baby Penguins,Direct,,,,
Kindergarten: ELA,Reading Informational Text,Non-Fiction: Animals,Wild Turkeys,Direct,,,,
Kindergarten: ELA,Reading Informational Text,Non-Fiction: Animals,Chameleons,Direct,,,,
Kindergarten: ELA,Reading Informational Text,Non-Fiction: Animals,Raccoons,Direct,,,,
Kindergarten: ELA,Reading Informational Text,Non-Fiction: Animals,Butterflies,Direct,,,,
Kindergarten: ELA,Reading Informational Text,Non-Fiction: Animals,Baby Giraffes,Direct,,,,
Kindergarten: ELA,Reading Informational Text,Non-Fiction: Animals,Seal Pups,Direct,,,,
Kindergarten: ELA,Reading Informational Text,Non-Fiction: Animals,Baby Cheetahs,Direct,,,,
Kindergarten: ELA,Reading Informational Text,Non-Fiction: Animals,Orangutans,Direct,,,,
Kindergarten: ELA,Reading Informational Text,Non-Fiction: Animals,Toucans,Direct,,,,
Kindergarten: ELA,Reading Informational Text,Non-Fiction: Animals,Baby Pandas,Direct,,,,
Kindergarten: ELA,Reading Informational Text,Non-Fiction: Animals,Baby Owls,Direct,,,,
Kindergarten: ELA,Reading Informational Text,Non-Fiction: Animals,Moose,Direct,,,,
Kindergarten: ELA,Reading Informational Text,Non-Fiction: Animals,Baby Hippos,Direct,,,,
Kindergarten: ELA,Reading Informational Text,Non-Fiction: Animals,Polar Bears,Direct,,,,
Kindergarten: ELA,Reading Informational Text,Non-Fiction: Animals,Spring,Direct,,,,
Kindergarten: ELA,Reading Informational Text,Non-Fiction: Animals,Earthworms,Direct,,,,
Kindergarten: ELA,Reading Informational Text,Non-Fiction: Animals,Weasels,Direct,,,,
Kindergarten: ELA,Reading Informational Text,Non-Fiction: Animals,Baby Cats,Direct,,,,
Kindergarten: ELA,Reading Informational Text,Non-Fiction: Animals,Baby Zebras,Direct,,,,
Kindergarten: ELA,Reading Informational Text,Non-Fiction: Animals,Peacocks,Direct,,,,
Kindergarten: ELA,Reading Informational Text,Non-Fiction: Animals,Baby Rabbits,Direct,,,,
Kindergarten: ELA,Reading Informational Text,Non-Fiction: Animals,Sea Otters,Direct,,,,
Kindergarten: ELA,Reading Informational Text,Non-Fiction: Animals,Kangaroos,Direct,,,,
Kindergarten: ELA,Reading Informational Text,Non-Fiction: Animals,Red Pandas,Direct,,,,
Kindergarten: ELA,Reading Informational Text,Non-Fiction: Animals,Crocodiles,Direct,,,,
Kindergarten: ELA,Reading Informational Text,Non-Fiction: Animals,Hummingbirds,Direct,,,,
Kindergarten: ELA,Reading Informational Text,Non-Fiction: Animals,Baby Pigs,Direct,,,,
Kindergarten: ELA,Reading Informational Text,Non-Fiction: Animals,Jaguars,Direct,,,,
Kindergarten: ELA,Reading Informational Text,Non-Fiction: Animals,Hedgehogs,Direct,,,,
Kindergarten: ELA,Reading Informational Text,Non-Fiction: Animals,Tree Frogs,Direct,,,,
Kindergarten: ELA,Reading Informational Text,Non-Fiction: Animals,Baby Monkeys,Direct,,,,
Kindergarten: ELA,Reading Informational Text,Non-Fiction: Animals,Spider Monkeys,Direct,,,,
Kindergarten: ELA,Reading Informational Text,Non-Fiction: Animals,Spiders,Direct,,,,
Kindergarten: ELA,Reading Informational Text,Non-Fiction: Animals,Flamingos,Direct,,,,
Kindergarten: ELA,Reading Informational Text,Non-Fiction: Animals,Snails,Direct,,,,
Kindergarten: ELA,Reading Informational Text,Non-Fiction: Animals,Komodo Dragons,Direct,,,,
Kindergarten: ELA,Reading Informational Text,Non-Fiction: Vehicles,Monster Cars,Direct,,,,
Kindergarten: ELA,Reading Informational Text,Non-Fiction: Vehicles,Monster Diggers,Direct,,,,
Kindergarten: ELA,Reading Informational Text,Non-Fiction: Vehicles,Monster Ships,Direct,,,,
Kindergarten: ELA,Reading Informational Text,Non-Fiction: Vehicles,Monster Trains,Direct,,,,
Kindergarten: ELA,Reading Informational Text,Non-Fiction: Vehicles,Monster Dump Truck,Direct,,,,
Kindergarten: ELA,Reading Informational Text,Non-Fiction: Vehicles,Monster Trucks,Direct,,,,
Kindergarten: ELA,Reading Informational Text,Non-Fiction: Vehicles,Monster Cranes,Direct,,,,
Kindergarten: ELA,Reading Informational Text,National Geographic Young Explorer,Leaf Cutter Ants,Direct,,,,
Kindergarten: ELA,Reading Informational Text,National Geographic Young Explorer,Seeds Grow,Direct,,,,
Kindergarten: ELA,Reading Informational Text,National Geographic Young Explorer,Food for Fido,Direct,,,,
Kindergarten: ELA,Reading Informational Text,National Geographic Young Explorer,Looking at Eggs,Direct,,,,
Kindergarten: ELA,Reading Informational Text,National Geographic Young Explorer,Baby on Board,Direct,,,,
Kindergarten: ELA,Reading Informational Text,National Geographic Young Explorer,Out at Night,Direct,,,,
Kindergarten: ELA,Reading Informational Text,National Geographic Young Explorer,Animal Groups,Direct,,,,
Kindergarten: ELA,Reading Informational Text,National Geographic Young Explorer,Walk with Camels,Direct,,,,
Kindergarten: ELA,Reading Informational Text,National Geographic Young Explorer,Bird Beaks,Direct,,,,
Kindergarten: ELA,Reading Informational Text,National Geographic Young Explorer,Beaver Builders,Direct,,,,
Kindergarten: ELA,Reading Informational Text,National Geographic Young Explorer,Drip Drop,Direct,,,,
Kindergarten: ELA,Reading Informational Text,National Geographic Young Explorer,On the Move,Direct,,,,
Kindergarten: ELA,Reading Informational Text,National Geographic Young Explorer,Plants on My Plate,Direct,,,,
Kindergarten: ELA,Reading Informational Text,National Geographic Young Explorer,Push Push Pull,Direct,,,,
1st Grade: ELA,Reading Foundational Skills,Capitalization & Sentence Parts,Capitalization,Direct,,,,
1st Grade: ELA,Reading Foundational Skills,Capitalization & Sentence Parts,Sentence Parts,Main,,,,
1st Grade: ELA,Reading Foundational Skills,Capitalization & Sentence Parts,Sentence Parts,Practice 1,,,,
1st Grade: ELA,Reading Foundational Skills,Capitalization & Sentence Parts,Sentence Parts,Practice 2,,,,
1st Grade: ELA,Reading Foundational Skills,Capitalization & Sentence Parts,Sentence Parts,Basic,,,,
1st Grade: ELA,Reading Foundational Skills,Short & Long Vowels,Vowels,Main,,,,
1st Grade: ELA,Reading Foundational Skills,Short & Long Vowels,Vowels,Practice 1,,,,
1st Grade: ELA,Reading Foundational Skills,Short & Long Vowels,Vowels,Practice 2,,,,
1st Grade: ELA,Reading Foundational Skills,Short & Long Vowels,Vowels,Basic,,,,
1st Grade: ELA,Reading Foundational Skills,Short & Long Vowels,"Short A, Long A",Main,,,,
1st Grade: ELA,Reading Foundational Skills,Short & Long Vowels,"Short A, Long A",Practice 1,,,,
1st Grade: ELA,Reading Foundational Skills,Short & Long Vowels,"Short A, Long A",Practice 2,,,,
1st Grade: ELA,Reading Foundational Skills,Short & Long Vowels,"Short A, Long A",Basic,,82%,,
1st Grade: ELA,Reading Foundational Skills,Short & Long Vowels,"Short E, Long E",Main,,,,
1st Grade: ELA,Reading Foundational Skills,Short & Long Vowels,"Short E, Long E",Practice 1,,,,
1st Grade: ELA,Reading Foundational Skills,Short & Long Vowels,"Short E, Long E",Practice 2,,,,
1st Grade: ELA,Reading Foundational Skills,Short & Long Vowels,"Short E, Long E",Basic,,69%,,
1st Grade: ELA,Reading Foundational Skills,Short & Long Vowels,"Short I, Long I",Main,,,,
1st Grade: ELA,Reading Foundational Skills,Short & Long Vowels,"Short I, Long I",Practice 1,,,,
1st Grade: ELA,Reading Foundational Skills,Short & Long Vowels,"Short I, Long I",Practice 2,,,,
1st Grade: ELA,Reading Foundational Skills,Short & Long Vowels,"Short I, Long I",Basic,,84%,,
1st Grade: ELA,Reading Foundational Skills,Short & Long Vowels,"Short O, Long O",Main,,,,
1st Grade: ELA,Reading Foundational Skills,Short & Long Vowels,"Short O, Long O",Practice 1,,,,
1st Grade: ELA,Reading Foundational Skills,Short & Long Vowels,"Short O, Long O",Practice 2,,,,
1st Grade: ELA,Reading Foundational Skills,Short & Long Vowels,"Short O, Long O",Basic,,85%,,
1st Grade: ELA,Reading Foundational Skills,Short & Long Vowels,"Short U, Long U",Main,,,,
1st Grade: ELA,Reading Foundational Skills,Short & Long Vowels,"Short U, Long U",Practice 1,,,,
1st Grade: ELA,Reading Foundational Skills,Short & Long Vowels,"Short U, Long U",Practice 2,,,,
1st Grade: ELA,Reading Foundational Skills,Short & Long Vowels,"Short U, Long U",Basic,,90%,,
1st Grade: ELA,Reading Foundational Skills,Consonant Blends,Blends: st,Main,,73%,,73%
1st Grade: ELA,Reading Foundational Skills,Consonant Blends,Blends: st,Practice 1,,,,73%
1st Grade: ELA,Reading Foundational Skills,Consonant Blends,Blends: st,Practice 2,,,,73%
1st Grade: ELA,Reading Foundational Skills,Consonant Blends,Blends: sp,Main,,,,
1st Grade: ELA,Reading Foundational Skills,Consonant Blends,Blends: sp,Practice 1,,,,
1st Grade: ELA,Reading Foundational Skills,Consonant Blends,Blends: sp,Practice 2,,,,
1st Grade: ELA,Reading Foundational Skills,Consonant Blends,"st, sp, sk, sm",Main,,,,
1st Grade: ELA,Reading Foundational Skills,Consonant Blends,"st, sp, sk, sm",Practice 1,,,,
1st Grade: ELA,Reading Foundational Skills,Consonant Blends,"st, sp, sk, sm",Practice 2,,,,
1st Grade: ELA,Reading Foundational Skills,Consonant Blends,"sl, sn, sc, sw",Main,,,,
1st Grade: ELA,Reading Foundational Skills,Consonant Blends,"sl, sn, sc, sw",Practice 1,,,,
1st Grade: ELA,Reading Foundational Skills,Consonant Blends,"sl, sn, sc, sw",Practice 2,,,,
1st Grade: ELA,Reading Foundational Skills,Consonant Blends,Blends: bl,Main,,,,
1st Grade: ELA,Reading Foundational Skills,Consonant Blends,Blends: bl,Practice 1,,,,
1st Grade: ELA,Reading Foundational Skills,Consonant Blends,Blends: bl,Practice 2,,,,
1st Grade: ELA,Reading Foundational Skills,Consonant Blends,"gl, pl, bl, cl",Main,,,,
1st Grade: ELA,Reading Foundational Skills,Consonant Blends,"gl, pl, bl, cl",Practice 1,,,,
1st Grade: ELA,Reading Foundational Skills,Consonant Blends,"gl, pl, bl, cl",Practice 2,,,,
1st Grade: ELA,Reading Foundational Skills,Consonant Blends,Blends: tr,Main,,,,
1st Grade: ELA,Reading Foundational Skills,Consonant Blends,Blends: tr,Practice 1,,,,
1st Grade: ELA,Reading Foundational Skills,Consonant Blends,Blends: tr,Practice 2,,,,
1st Grade: ELA,Reading Foundational Skills,Consonant Blends,Blends: fr,Main,,,,
1st Grade: ELA,Reading Foundational Skills,Consonant Blends,Blends: fr,Practice 1,,,,
1st Grade: ELA,Reading Foundational Skills,Consonant Blends,Blends: fr,Practice 2,,,,
1st Grade: ELA,Reading Foundational Skills,Consonant Blends,"gr, tr, dr, pr",Main,,,,
1st Grade: ELA,Reading Foundational Skills,Consonant Blends,"gr, tr, dr, pr",Practice 1,,,,
1st Grade: ELA,Reading Foundational Skills,Consonant Blends,"gr, tr, dr, pr",Practice 2,,,,
1st Grade: ELA,Reading Foundational Skills,Consonant Blends,"bl, br, gl, gr",Main,,,,
1st Grade: ELA,Reading Foundational Skills,Consonant Blends,"bl, br, gl, gr",Practice 1,,,,
1st Grade: ELA,Reading Foundational Skills,Consonant Blends,"bl, br, gl, gr",Practice 2,,,,
1st Grade: ELA,Reading Foundational Skills,Consonant Blends,"cl, cr, fl, fr",Main,,,,
1st Grade: ELA,Reading Foundational Skills,Consonant Blends,"cl, cr, fl, fr",Practice 1,,,,
1st Grade: ELA,Reading Foundational Skills,Consonant Blends,"cl, cr, fl, fr",Practice 2,,,,
1st Grade: ELA,Reading Foundational Skills,"Beginning, Middle & Ending Sounds",Beginning Sound,Main,,,,
1st Grade: ELA,Reading Foundational Skills,"Beginning, Middle & Ending Sounds",Beginning Sound,Practice 1,,,,
1st Grade: ELA,Reading Foundational Skills,"Beginning, Middle & Ending Sounds",Beginning Sound,Practice 2,,,,
1st Grade: ELA,Reading Foundational Skills,"Beginning, Middle & Ending Sounds",Beginning Sound,Basic,,,,
1st Grade: ELA,Reading Foundational Skills,"Beginning, Middle & Ending Sounds",Middle Sound,Main,,,,
1st Grade: ELA,Reading Foundational Skills,"Beginning, Middle & Ending Sounds",Middle Sound,Practice 1,,,,
1st Grade: ELA,Reading Foundational Skills,"Beginning, Middle & Ending Sounds",Middle Sound,Practice 2,,,,
1st Grade: ELA,Reading Foundational Skills,"Beginning, Middle & Ending Sounds",Middle Sound,Basic,,,,
1st Grade: ELA,Reading Foundational Skills,"Beginning, Middle & Ending Sounds",Ending Sound,Main,,,,
1st Grade: ELA,Reading Foundational Skills,"Beginning, Middle & Ending Sounds",Ending Sound,Practice 1,,,,
1st Grade: ELA,Reading Foundational Skills,"Beginning, Middle & Ending Sounds",Ending Sound,Practice 2,,,,
1st Grade: ELA,Reading Foundational Skills,"Beginning, Middle & Ending Sounds",Ending Sound,Basic,,,,
1st Grade: ELA,Reading Foundational Skills,"Beginning, Middle & Ending Sounds",First & Last Sound,Main,,,,
1st Grade: ELA,Reading Foundational Skills,"Beginning, Middle & Ending Sounds",First & Last Sound,Practice 1,,,,
1st Grade: ELA,Reading Foundational Skills,"Beginning, Middle & Ending Sounds",First & Last Sound,Practice 2,,,,
1st Grade: ELA,Reading Foundational Skills,"Beginning, Middle & Ending Sounds",First & Last Sound,Basic,,,,
1st Grade: ELA,Reading Foundational Skills,"Beginning, Middle & Ending Sounds",Isolate All Sounds,Main,,,,
1st Grade: ELA,Reading Foundational Skills,"Beginning, Middle & Ending Sounds",Isolate All Sounds,Practice 1,,,,
1st Grade: ELA,Reading Foundational Skills,"Beginning, Middle & Ending Sounds",Isolate All Sounds,Practice 2,,,,
1st Grade: ELA,Reading Foundational Skills,"r-Controlled Vowels (ar, or, er, ir, ur)",Sounds: ar,Main,,,,
1st Grade: ELA,Reading Foundational Skills,"r-Controlled Vowels (ar, or, er, ir, ur)",Sounds: ar,Practice 1,,,,
1st Grade: ELA,Reading Foundational Skills,"r-Controlled Vowels (ar, or, er, ir, ur)",Sounds: ar,Practice 2,,,,
1st Grade: ELA,Reading Foundational Skills,"r-Controlled Vowels (ar, or, er, ir, ur)",Sounds: ar,Basic,,86%,,
1st Grade: ELA,Reading Foundational Skills,"r-Controlled Vowels (ar, or, er, ir, ur)",Sounds: or,Main,,,,
1st Grade: ELA,Reading Foundational Skills,"r-Controlled Vowels (ar, or, er, ir, ur)",Sounds: or,Practice 1,,,,
1st Grade: ELA,Reading Foundational Skills,"r-Controlled Vowels (ar, or, er, ir, ur)",Sounds: or,Practice 2,,,,
1st Grade: ELA,Reading Foundational Skills,"r-Controlled Vowels (ar, or, er, ir, ur)",Sounds: or,Basic,,88%,,
1st Grade: ELA,Reading Foundational Skills,"r-Controlled Vowels (ar, or, er, ir, ur)","Sounds: er, ir, ur",Main,,,,
1st Grade: ELA,Reading Foundational Skills,"r-Controlled Vowels (ar, or, er, ir, ur)","Sounds: er, ir, ur",Practice 1,,,,
1st Grade: ELA,Reading Foundational Skills,"r-Controlled Vowels (ar, or, er, ir, ur)","Sounds: er, ir, ur",Practice 2,,,,
1st Grade: ELA,Reading Foundational Skills,"r-Controlled Vowels (ar, or, er, ir, ur)","Sounds: er, ir, ur",Basic,,,,
1st Grade: ELA,Reading Foundational Skills,Consonant Digraphs,Sounds: ch,Main,,64%,,64%
1st Grade: ELA,Reading Foundational Skills,Consonant Digraphs,Sounds: ch,Practice 1,,,,64%
1st Grade: ELA,Reading Foundational Skills,Consonant Digraphs,Sounds: ch,Practice 2,,,,64%
1st Grade: ELA,Reading Foundational Skills,Consonant Digraphs,Sounds: sh,Main,,46%,,46%
1st Grade: ELA,Reading Foundational Skills,Consonant Digraphs,Sounds: sh,Practice 1,,,,46%
1st Grade: ELA,Reading Foundational Skills,Consonant Digraphs,Sounds: sh,Practice 2,,,,46%
1st Grade: ELA,Reading Foundational Skills,Consonant Digraphs,"Sounds: ch, sh",Main,,,,
1st Grade: ELA,Reading Foundational Skills,Consonant Digraphs,"Sounds: ch, sh",Practice 1,,,,
1st Grade: ELA,Reading Foundational Skills,Consonant Digraphs,"Sounds: ch, sh",Practice 2,,,,
1st Grade: ELA,Reading Foundational Skills,Consonant Digraphs,Sounds: th,Main,,64%,,64%
1st Grade: ELA,Reading Foundational Skills,Consonant Digraphs,Sounds: th,Practice 1,,,,64%
1st Grade: ELA,Reading Foundational Skills,Consonant Digraphs,Sounds: th,Practice 2,,,,64%
1st Grade: ELA,Reading Foundational Skills,Consonant Digraphs,"Sounds: ch, sh, th",Main,,,,
1st Grade: ELA,Reading Foundational Skills,Consonant Digraphs,"Sounds: ch, sh, th",Practice 1,,,,
1st Grade: ELA,Reading Foundational Skills,Consonant Digraphs,"Sounds: ch, sh, th",Practice 2,,,,
1st Grade: ELA,Reading Foundational Skills,Consonant Digraphs,Sounds: wh,Main,,,,
1st Grade: ELA,Reading Foundational Skills,Consonant Digraphs,Sounds: wh,Practice 1,,,,
1st Grade: ELA,Reading Foundational Skills,Consonant Digraphs,Sounds: wh,Practice 2,,,,
1st Grade: ELA,Reading Foundational Skills,Consonant Digraphs,"wh, sh, th, ch",Main,,,,
1st Grade: ELA,Reading Foundational Skills,Consonant Digraphs,"wh, sh, th, ch",Practice 1,,,,
1st Grade: ELA,Reading Foundational Skills,Consonant Digraphs,"wh, sh, th, ch",Practice 2,,,,
1st Grade: ELA,Reading Foundational Skills,1-Syllable & 2-Syllable Words,1-Syllable Words,Main,,,,
1st Grade: ELA,Reading Foundational Skills,1-Syllable & 2-Syllable Words,1-Syllable Words,Practice 1,,,,
1st Grade: ELA,Reading Foundational Skills,1-Syllable & 2-Syllable Words,1-Syllable Words,Practice 2,,,,
1st Grade: ELA,Reading Foundational Skills,1-Syllable & 2-Syllable Words,1-Syllable Words,Basic,,,,
1st Grade: ELA,Reading Foundational Skills,1-Syllable & 2-Syllable Words,2-Syllable Words,Main,,,,
1st Grade: ELA,Reading Foundational Skills,1-Syllable & 2-Syllable Words,2-Syllable Words,Practice 1,,,,
1st Grade: ELA,Reading Foundational Skills,1-Syllable & 2-Syllable Words,2-Syllable Words,Practice 2,,,,
1st Grade: ELA,Reading Foundational Skills,1-Syllable & 2-Syllable Words,2-Syllable Words,Basic,,,,
1st Grade: ELA,Reading Foundational Skills,Final -e & Long Vowel Teams,The Magic E,Main,,,,
1st Grade: ELA,Reading Foundational Skills,Final -e & Long Vowel Teams,The Magic E,Practice 1,,,,
1st Grade: ELA,Reading Foundational Skills,Final -e & Long Vowel Teams,The Magic E,Practice 2,,,,
1st Grade: ELA,Reading Foundational Skills,Final -e & Long Vowel Teams,The Magic E,Basic,,,,
1st Grade: ELA,Reading Foundational Skills,Final -e & Long Vowel Teams,"Long A: ai, ay",Main,,,,
1st Grade: ELA,Reading Foundational Skills,Final -e & Long Vowel Teams,"Long A: ai, ay",Practice 1,,,,
1st Grade: ELA,Reading Foundational Skills,Final -e & Long Vowel Teams,"Long A: ai, ay",Practice 2,,,,
1st Grade: ELA,Reading Foundational Skills,Final -e & Long Vowel Teams,"Long A: ai, ay",Basic,,,,
1st Grade: ELA,Reading Foundational Skills,Final -e & Long Vowel Teams,"Long E: ea, ee",Main,,,,
1st Grade: ELA,Reading Foundational Skills,Final -e & Long Vowel Teams,"Long E: ea, ee",Practice 1,,,,
1st Grade: ELA,Reading Foundational Skills,Final -e & Long Vowel Teams,"Long E: ea, ee",Practice 2,,,,
1st Grade: ELA,Reading Foundational Skills,Final -e & Long Vowel Teams,"Long E: ea, ee",Basic,,,,
1st Grade: ELA,Reading Foundational Skills,Final -e & Long Vowel Teams,"Long I: y, igh",Main,,,,
1st Grade: ELA,Reading Foundational Skills,Final -e & Long Vowel Teams,"Long I: y, igh",Practice 1,,,,
1st Grade: ELA,Reading Foundational Skills,Final -e & Long Vowel Teams,"Long I: y, igh",Practice 2,,,,
1st Grade: ELA,Reading Foundational Skills,Final -e & Long Vowel Teams,"Long I: y, igh",Basic,,,,
1st Grade: ELA,Reading Foundational Skills,Final -e & Long Vowel Teams,Long O: oa,Main,,,,
1st Grade: ELA,Reading Foundational Skills,Final -e & Long Vowel Teams,Long O: oa,Practice 1,,,,
1st Grade: ELA,Reading Foundational Skills,Final -e & Long Vowel Teams,Long O: oa,Practice 2,,,,
1st Grade: ELA,Reading Foundational Skills,Final -e & Long Vowel Teams,Long O: oa,Basic,,,,
1st Grade: ELA,Reading Foundational Skills,Final -e & Long Vowel Teams,"Long U: ui, ue",Direct,,,,
1st Grade: ELA,Reading Foundational Skills,Inflectional Endings -ing & -ed,Verb Endings: -ing,Main,,,,
1st Grade: ELA,Reading Foundational Skills,Inflectional Endings -ing & -ed,Verb Endings: -ing,Practice 1,,,,
1st Grade: ELA,Reading Foundational Skills,Inflectional Endings -ing & -ed,Verb Endings: -ing,Practice 2,,,,
1st Grade: ELA,Reading Foundational Skills,Inflectional Endings -ing & -ed,Verb Endings: -ing,Basic,,,,
1st Grade: ELA,Reading Foundational Skills,Inflectional Endings -ing & -ed,Verb Endings: -ed,Main,,,,
1st Grade: ELA,Reading Foundational Skills,Inflectional Endings -ing & -ed,Verb Endings: -ed,Practice 1,,,,
1st Grade: ELA,Reading Foundational Skills,Inflectional Endings -ing & -ed,Verb Endings: -ed,Practice 2,,,,
1st Grade: ELA,Reading Foundational Skills,Inflectional Endings -ing & -ed,Verb Endings: -ed,Basic,,,,
1st Grade: ELA,Reading Foundational Skills,Sight Words,all are as ball be,Main,,,,
1st Grade: ELA,Reading Foundational Skills,Sight Words,all are as ball be,Practice 1,,,,
1st Grade: ELA,Reading Foundational Skills,Sight Words,all are as ball be,Practice 2,,,,
1st Grade: ELA,Reading Foundational Skills,Sight Words,boy by come day,Main,,,,
1st Grade: ELA,Reading Foundational Skills,Sight Words,boy by come day,Practice 1,,,,
1st Grade: ELA,Reading Foundational Skills,Sight Words,boy by come day,Practice 2,,,,
1st Grade: ELA,Reading Foundational Skills,Sight Words,eat for get got,Main,,,,
1st Grade: ELA,Reading Foundational Skills,Sight Words,eat for get got,Practice 1,,,,
1st Grade: ELA,Reading Foundational Skills,Sight Words,eat for get got,Practice 2,,,,
1st Grade: ELA,Reading Foundational Skills,Sight Words,had has her him,Main,,,,
1st Grade: ELA,Reading Foundational Skills,Sight Words,had has her him,Practice 1,,,,
1st Grade: ELA,Reading Foundational Skills,Sight Words,had has her him,Practice 2,,,,
1st Grade: ELA,Reading Foundational Skills,Sight Words,how if jump mom,Main,,,,
1st Grade: ELA,Reading Foundational Skills,Sight Words,how if jump mom,Practice 1,,,,
1st Grade: ELA,Reading Foundational Skills,Sight Words,how if jump mom,Practice 2,,,,
1st Grade: ELA,Reading Foundational Skills,Sight Words,man not now of or,Main,,,,
1st Grade: ELA,Reading Foundational Skills,Sight Words,man not now of or,Practice 1,,,,
1st Grade: ELA,Reading Foundational Skills,Sight Words,man not now of or,Practice 2,,,,
1st Grade: ELA,Reading Foundational Skills,Sight Words,out play put ran,Main,,,,
1st Grade: ELA,Reading Foundational Skills,Sight Words,out play put ran,Practice 1,,,,
1st Grade: ELA,Reading Foundational Skills,Sight Words,out play put ran,Practice 2,,,,
1st Grade: ELA,Reading Foundational Skills,Sight Words,run sat saw say,Main,,,,
1st Grade: ELA,Reading Foundational Skills,Sight Words,run sat saw say,Practice 1,,,,
1st Grade: ELA,Reading Foundational Skills,Sight Words,run sat saw say,Practice 2,,,,
1st Grade: ELA,Reading Foundational Skills,Sight Words,she then they too,Main,,,,
1st Grade: ELA,Reading Foundational Skills,Sight Words,she then they too,Practice 1,,,,
1st Grade: ELA,Reading Foundational Skills,Sight Words,she then they too,Practice 2,,,,
1st Grade: ELA,Reading Foundational Skills,Sight Words,us was went yes,Main,,,,
1st Grade: ELA,Reading Foundational Skills,Sight Words,us was went yes,Practice 1,,,,
1st Grade: ELA,Reading Foundational Skills,Sight Words,us was went yes,Practice 2,,,,
1st Grade: ELA,Reading Foundational Skills,Sight Words,about an been but,Main,,,,
1st Grade: ELA,Reading Foundational Skills,Sight Words,about an been but,Practice 1,,,,
1st Grade: ELA,Reading Foundational Skills,Sight Words,about an been but,Practice 2,,,,
1st Grade: ELA,Reading Foundational Skills,Sight Words,could down each,Main,,,,
1st Grade: ELA,Reading Foundational Skills,Sight Words,could down each,Practice 1,,,,
1st Grade: ELA,Reading Foundational Skills,Sight Words,could down each,Practice 2,,,,
1st Grade: ELA,Reading Foundational Skills,Sight Words,for from have into,Main,,,,
1st Grade: ELA,Reading Foundational Skills,Sight Words,for from have into,Practice 1,,,,
1st Grade: ELA,Reading Foundational Skills,Sight Words,for from have into,Practice 2,,,,
1st Grade: ELA,Reading Foundational Skills,Sight Words,made make many may,Main,,,,
1st Grade: ELA,Reading Foundational Skills,Sight Words,made make many may,Practice 1,,,,
1st Grade: ELA,Reading Foundational Skills,Sight Words,made make many may,Practice 2,,,,
1st Grade: ELA,Reading Foundational Skills,Sight Words,oil one other part,Main,,,,
1st Grade: ELA,Reading Foundational Skills,Sight Words,oil one other part,Practice 1,,,,
1st Grade: ELA,Reading Foundational Skills,Sight Words,oil one other part,Practice 2,,,,
1st Grade: ELA,Reading Foundational Skills,Sight Words,said some than,Main,,,,
1st Grade: ELA,Reading Foundational Skills,Sight Words,said some than,Practice 1,,,,
1st Grade: ELA,Reading Foundational Skills,Sight Words,said some than,Practice 2,,,,
1st Grade: ELA,Reading Foundational Skills,Sight Words,their them there,Main,,,,
1st Grade: ELA,Reading Foundational Skills,Sight Words,their them there,Practice 1,,,,
1st Grade: ELA,Reading Foundational Skills,Sight Words,their them there,Practice 2,,,,
1st Grade: ELA,Reading Foundational Skills,Sight Words,to two use way,Main,,,,
1st Grade: ELA,Reading Foundational Skills,Sight Words,to two use way,Practice 1,,,,
1st Grade: ELA,Reading Foundational Skills,Sight Words,to two use way,Practice 2,,,,
1st Grade: ELA,Reading Foundational Skills,Sight Words,were what when who,Main,,,,
1st Grade: ELA,Reading Foundational Skills,Sight Words,were what when who,Practice 1,,,,
1st Grade: ELA,Reading Foundational Skills,Sight Words,were what when who,Practice 2,,,,
1st Grade: ELA,Reading Foundational Skills,Sight Words,with would words,Main,,,,
1st Grade: ELA,Reading Foundational Skills,Sight Words,with would words,Practice 1,,,,
1st Grade: ELA,Reading Foundational Skills,Sight Words,with would words,Practice 2,,,,
1st Grade: ELA,Reading Foundational Skills,Sight Words,bed book dog,Main,,,,
1st Grade: ELA,Reading Foundational Skills,Sight Words,bed book dog,Practice 1,,,,
1st Grade: ELA,Reading Foundational Skills,Sight Words,bed book dog,Practice 2,,,,
1st Grade: ELA,Reading Foundational Skills,Reading Fluency,Reading Accuracy,Main,,,,
1st Grade: ELA,Reading Foundational Skills,Reading Fluency,Reading Accuracy,Practice 1,,,,
1st Grade: ELA,Reading Foundational Skills,Reading Fluency,Reading Accuracy,Basic,,,,
1st Grade: ELA,Reading Foundational Skills,Reading Fluency,Monitoring,Main,,,,
1st Grade: ELA,Reading Foundational Skills,Reading Fluency,Monitoring,Practice 1,,,,
1st Grade: ELA,Reading Foundational Skills,Reading Fluency,Monitoring,Basic,,,,
1st Grade: ELA,Language,Nouns,Nouns,Main,,,,
1st Grade: ELA,Language,Nouns,Nouns,Practice 1,,,,
1st Grade: ELA,Language,Nouns,Nouns,Practice 2,,,,
1st Grade: ELA,Language,Nouns,Nouns,Basic,,,,
1st Grade: ELA,Language,Nouns,Proper Nouns,Main,,,,
1st Grade: ELA,Language,Nouns,Proper Nouns,Practice 1,,,,
1st Grade: ELA,Language,Nouns,Proper Nouns,Practice 2,,,,
1st Grade: ELA,Language,Nouns,Proper Nouns,Basic,,,,
1st Grade: ELA,Language,Nouns,Possessive Nouns,Main,,,,
1st Grade: ELA,Language,Nouns,Possessive Nouns,Practice 1,,,,
1st Grade: ELA,Language,Nouns,Possessive Nouns,Practice 2,,,,
1st Grade: ELA,Language,Nouns,Possessive Nouns,Basic,,,,
1st Grade: ELA,Language,Pronouns,Pronoun: He She It,Main,,,,
1st Grade: ELA,Language,Pronouns,Pronoun: He She It,Practice 1,,,,
1st Grade: ELA,Language,Pronouns,Pronoun: He She It,Practice 2,,,,
1st Grade: ELA,Language,Pronouns,Pronoun: He She It,Basic,,,,
1st Grade: ELA,Language,Pronouns,Pronoun: I We Me,Main,,,,
1st Grade: ELA,Language,Pronouns,Pronoun: I We Me,Practice 1,,,,
1st Grade: ELA,Language,Pronouns,Pronoun: I We Me,Practice 2,,,,
1st Grade: ELA,Language,Pronouns,Pronoun: I We Me,Basic,,,,
1st Grade: ELA,Language,Pronouns,Pronoun: Him Her,Main,,,,
1st Grade: ELA,Language,Pronouns,Pronoun: Him Her,Practice 1,,,,
1st Grade: ELA,Language,Pronouns,Pronoun: Him Her,Practice 2,,,,
1st Grade: ELA,Language,Pronouns,Pronoun: Him Her,Basic,,,,
1st Grade: ELA,Language,Pronouns,Pronoun: Me Us,Main,,,,
1st Grade: ELA,Language,Pronouns,Pronoun: Me Us,Practice 1,,,,
1st Grade: ELA,Language,Pronouns,Pronoun: Me Us,Practice 2,,,,
1st Grade: ELA,Language,Pronouns,Pronoun: Me Us,Basic,,,,
1st Grade: ELA,Language,Pronouns,Possessive Pronoun 1,Main,,,,
1st Grade: ELA,Language,Pronouns,Possessive Pronoun 1,Practice 1,,,,
1st Grade: ELA,Language,Pronouns,Possessive Pronoun 1,Practice 2,,,,
1st Grade: ELA,Language,Pronouns,Possessive Pronoun 1,Basic,,,,
1st Grade: ELA,Language,Pronouns,Possessive Pronoun 2,Main,,,,
1st Grade: ELA,Language,Pronouns,Possessive Pronoun 2,Practice 1,,,,
1st Grade: ELA,Language,Pronouns,Possessive Pronoun 2,Practice 2,,,,
1st Grade: ELA,Language,Pronouns,Possessive Pronoun 2,Basic,,,,
1st Grade: ELA,Language,Pronouns,Indefinite Pronoun,Main,,,,
1st Grade: ELA,Language,Pronouns,Indefinite Pronoun,Practice 1,,,,
1st Grade: ELA,Language,Pronouns,Indefinite Pronoun,Practice 2,,,,
1st Grade: ELA,Language,Pronouns,Indefinite Pronoun,Basic,,,,
1st Grade: ELA,Language,"Subject & Verb, Verb Tenses",Subject & Verb,Main,,,,
1st Grade: ELA,Language,"Subject & Verb, Verb Tenses",Subject & Verb,Practice 1,,,,
1st Grade: ELA,Language,"Subject & Verb, Verb Tenses",Subject & Verb,Practice 2,,,,
1st Grade: ELA,Language,"Subject & Verb, Verb Tenses",Subject & Verb,Basic,,,,
1st Grade: ELA,Language,"Subject & Verb, Verb Tenses",Verb Tenses,Main,,,,
1st Grade: ELA,Language,"Subject & Verb, Verb Tenses",Verb Tenses,Practice 1,,,,
1st Grade: ELA,Language,"Subject & Verb, Verb Tenses",Verb Tenses,Practice 2,,,,
1st Grade: ELA,Language,"Subject & Verb, Verb Tenses",Verb Tenses,Basic,,,,
1st Grade: ELA,Language,"Adjectives, Conjunctions, Determiners, Prepositions",Adjectives,Main,,,,
1st Grade: ELA,Language,"Adjectives, Conjunctions, Determiners, Prepositions",Adjectives,Practice 1,,,,
1st Grade: ELA,Language,"Adjectives, Conjunctions, Determiners, Prepositions",Adjectives,Practice 2,,,,
1st Grade: ELA,Language,"Adjectives, Conjunctions, Determiners, Prepositions",Adjectives,Basic,,,,
1st Grade: ELA,Language,"Adjectives, Conjunctions, Determiners, Prepositions",Conjunctions,Main,,,,
1st Grade: ELA,Language,"Adjectives, Conjunctions, Determiners, Prepositions",Conjunctions,Practice 1,,,,
1st Grade: ELA,Language,"Adjectives, Conjunctions, Determiners, Prepositions",Conjunctions,Practice 2,,,,
1st Grade: ELA,Language,"Adjectives, Conjunctions, Determiners, Prepositions",Conjunctions,Basic,,,,
1st Grade: ELA,Language,"Adjectives, Conjunctions, Determiners, Prepositions",Articles,Main,,,,
1st Grade: ELA,Language,"Adjectives, Conjunctions, Determiners, Prepositions",Articles,Practice 1,,,,
1st Grade: ELA,Language,"Adjectives, Conjunctions, Determiners, Prepositions",Articles,Practice 2,,,,
1st Grade: ELA,Language,"Adjectives, Conjunctions, Determiners, Prepositions",Articles,Basic,,,,
1st Grade: ELA,Language,"Adjectives, Conjunctions, Determiners, Prepositions",This & That,Main,,,,
1st Grade: ELA,Language,"Adjectives, Conjunctions, Determiners, Prepositions",This & That,Practice 1,,,,
1st Grade: ELA,Language,"Adjectives, Conjunctions, Determiners, Prepositions",This & That,Practice 2,,,,
1st Grade: ELA,Language,"Adjectives, Conjunctions, Determiners, Prepositions",This & That,Basic,,,,
1st Grade: ELA,Language,"Adjectives, Conjunctions, Determiners, Prepositions",Prepositions,Main,,,,
1st Grade: ELA,Language,"Adjectives, Conjunctions, Determiners, Prepositions",Prepositions,Practice 1,,,,
1st Grade: ELA,Language,"Adjectives, Conjunctions, Determiners, Prepositions",Prepositions,Practice 2,,,,
1st Grade: ELA,Language,"Adjectives, Conjunctions, Determiners, Prepositions",Prepositions,Basic,,,,
1st Grade: ELA,Language,Capitalize Dates & Names,Capitalize Dates,Main,,,,
1st Grade: ELA,Language,Capitalize Dates & Names,Capitalize Dates,Practice 1,,,,
1st Grade: ELA,Language,Capitalize Dates & Names,Capitalize Dates,Practice 2,,,,
1st Grade: ELA,Language,Capitalize Dates & Names,Capitalize Dates,Basic,,,,
1st Grade: ELA,Language,Capitalize Dates & Names,Capitalize Names,Main,,,,
1st Grade: ELA,Language,Capitalize Dates & Names,Capitalize Names,Practice 1,,,,
1st Grade: ELA,Language,Capitalize Dates & Names,Capitalize Names,Practice 2,,,,
1st Grade: ELA,Language,Capitalize Dates & Names,Capitalize Names,Basic,,,,
1st Grade: ELA,Language,Capitalize Dates & Names,Capital Letters,Main,,,,
1st Grade: ELA,Language,Capitalize Dates & Names,Capital Letters,Practice 1,,,,
1st Grade: ELA,Language,Capitalize Dates & Names,Capital Letters,Practice 2,,,,
1st Grade: ELA,Language,Capitalize Dates & Names,Capital Letters,Basic,,,,
1st Grade: ELA,Language,Sentence Types & Punctuation,Punctuation,Main,,,,
1st Grade: ELA,Language,Sentence Types & Punctuation,Punctuation,Practice 1,,,,
1st Grade: ELA,Language,Sentence Types & Punctuation,Punctuation,Practice 2,,,,
1st Grade: ELA,Language,Sentence Types & Punctuation,Punctuation,Basic,,,,
1st Grade: ELA,Language,Sentence Types & Punctuation,Sentence Types,Main,,,,
1st Grade: ELA,Language,Sentence Types & Punctuation,Sentence Types,Practice 1,,,,
1st Grade: ELA,Language,Sentence Types & Punctuation,Sentence Types,Practice 2,,,,
1st Grade: ELA,Language,Sentence Types & Punctuation,Sentence Types,Basic,,,,
1st Grade: ELA,Language,Commas,Commas in Dates,Main,,,,
1st Grade: ELA,Language,Commas,Commas in Dates,Practice 1,,,,
1st Grade: ELA,Language,Commas,Commas in Dates,Practice 2,,,,
1st Grade: ELA,Language,Commas,Commas in Dates,Basic,,,,
1st Grade: ELA,Language,Commas,Commas in Lists,Main,,,,
1st Grade: ELA,Language,Commas,Commas in Lists,Practice 1,,,,
1st Grade: ELA,Language,Commas,Commas in Lists,Practice 2,,,,
1st Grade: ELA,Language,Commas,Commas in Lists,Basic,,,,
1st Grade: ELA,Language,Commas,Commas,Main,,,,
1st Grade: ELA,Language,Commas,Commas,Practice 1,,,,
1st Grade: ELA,Language,Commas,Commas,Practice 2,,,,
1st Grade: ELA,Language,Commas,Commas,Basic,,,,
1st Grade: ELA,Language,Nonsense Words,Nonsense Words,Main,,,,
1st Grade: ELA,Language,Nonsense Words,Nonsense Words,Practice 1,,,,
1st Grade: ELA,Language,Nonsense Words,Nonsense Words,Practice 2,,,,
1st Grade: ELA,Language,Words by Category,Words by Category,Main,,,,
1st Grade: ELA,Language,Words by Category,Words by Category,Practice 1,,,,
1st Grade: ELA,Language,Words by Category,Words by Category,Practice 2,,,,
1st Grade: ELA,Language,Words by Category,Words by Category,Basic,,,,
1st Grade: ELA,Reading Literature,Key Ideas & Details,Ask While You Read,Main,,,,
1st Grade: ELA,Reading Literature,Key Ideas & Details,Ask While You Read,Practice 1,,,,
1st Grade: ELA,Reading Literature,Key Ideas & Details,Ask While You Read,Basic,,,,
1st Grade: ELA,Reading Literature,Key Ideas & Details,"Who, When, Where",Main,,,,
1st Grade: ELA,Reading Literature,Key Ideas & Details,"Who, When, Where",Practice 1,,,,
1st Grade: ELA,Reading Literature,Key Ideas & Details,"Who, When, Where",Basic,,,,
1st Grade: ELA,Reading Literature,Key Ideas & Details,"What, Why, How",Main,,,,
1st Grade: ELA,Reading Literature,Key Ideas & Details,"What, Why, How",Practice 1,,,,
1st Grade: ELA,Reading Literature,Key Ideas & Details,"What, Why, How",Basic,,,,
1st Grade: ELA,Reading Literature,Key Ideas & Details,Key Details,Main,,,,
1st Grade: ELA,Reading Literature,Key Ideas & Details,Key Details,Practice 1,,,,
1st Grade: ELA,Reading Literature,Key Ideas & Details,Key Details,Basic,,,,
1st Grade: ELA,Reading Literature,Key Ideas & Details,Identify Setting,Main,,,,
1st Grade: ELA,Reading Literature,Key Ideas & Details,Identify Setting,Practice 1,,,,
1st Grade: ELA,Reading Literature,Key Ideas & Details,Identify Setting,Basic,,,,
1st Grade: ELA,Reading Literature,Key Ideas & Details,Identify Characters,Main,,,,
1st Grade: ELA,Reading Literature,Key Ideas & Details,Identify Characters,Practice 1,,,,
1st Grade: ELA,Reading Literature,Key Ideas & Details,Identify Characters,Basic,,,,
1st Grade: ELA,Reading Literature,Key Ideas & Details,Describe Characters,Main,,,,
1st Grade: ELA,Reading Literature,Key Ideas & Details,Describe Characters,Practice 1,,,,
1st Grade: ELA,Reading Literature,Key Ideas & Details,Describe Characters,Basic,,,,
1st Grade: ELA,Reading Literature,Key Ideas & Details,Important Details,Main,,,,
1st Grade: ELA,Reading Literature,Key Ideas & Details,Important Details,Practice 1,,,,
1st Grade: ELA,Reading Literature,Key Ideas & Details,Important Details,Basic,,,,
1st Grade: ELA,Reading Literature,Key Ideas & Details,Retell - Sequencing,Main,,,,
1st Grade: ELA,Reading Literature,Key Ideas & Details,Retell - Sequencing,Practice 1,,,,
1st Grade: ELA,Reading Literature,Key Ideas & Details,Retell - Sequencing,Basic,,,,
1st Grade: ELA,Reading Literature,Key Ideas & Details,Retell - Summarizing,Main,,,,
1st Grade: ELA,Reading Literature,Key Ideas & Details,Retell - Summarizing,Practice 1,,,,
1st Grade: ELA,Reading Literature,Key Ideas & Details,Retell - Summarizing,Basic,,,,
1st Grade: ELA,Reading Literature,Key Ideas & Details,Find the Lesson,Main,,,,
1st Grade: ELA,Reading Literature,Key Ideas & Details,Find the Lesson,Practice 1,,,,
1st Grade: ELA,Reading Literature,Key Ideas & Details,Find the Lesson,Basic,,,,
1st Grade: ELA,Reading Literature,Integrating Text & Illustrations,Illustrations 1,Main,,,,
1st Grade: ELA,Reading Literature,Integrating Text & Illustrations,Illustrations 1,Practice 1,,,,
1st Grade: ELA,Reading Literature,Integrating Text & Illustrations,Illustrations 1,Basic,,,,
1st Grade: ELA,Reading Literature,Integrating Text & Illustrations,Illustrations 2,Main,,,,
1st Grade: ELA,Reading Literature,Integrating Text & Illustrations,Illustrations 2,Practice 1,,,,
1st Grade: ELA,Reading Literature,Integrating Text & Illustrations,Illustrations 2,Basic,,,,
1st Grade: ELA,Reading Literature,Integrating Text & Illustrations,Making Predictions,Main,,,,
1st Grade: ELA,Reading Literature,Integrating Text & Illustrations,Making Predictions,Practice 1,,,,
1st Grade: ELA,Reading Literature,Integrating Text & Illustrations,Making Predictions,Basic,,,,
1st Grade: ELA,Reading Literature,Words & Structure,Unknown Words,Main,,,,
1st Grade: ELA,Reading Literature,Words & Structure,Unknown Words,Practice 1,,,,
1st Grade: ELA,Reading Literature,Words & Structure,Unknown Words,Basic,,,,
1st Grade: ELA,Reading Literature,Words & Structure,Sensory Words,Main,,,,
1st Grade: ELA,Reading Literature,Words & Structure,Sensory Words,Practice 1,,,,
1st Grade: ELA,Reading Literature,Words & Structure,Sensory Words,Basic,,,,
1st Grade: ELA,Reading Literature,Words & Structure,Story Structure,Main,,,,
1st Grade: ELA,Reading Literature,Words & Structure,Story Structure,Practice 1,,,,
1st Grade: ELA,Reading Literature,Words & Structure,Story Structure,Basic,,,,
1st Grade: ELA,Reading Literature,Words & Structure,Fiction Nonfiction,Main,,,,
1st Grade: ELA,Reading Literature,Words & Structure,Fiction Nonfiction,Practice 1,,,,
1st Grade: ELA,Reading Literature,Words & Structure,Fiction Nonfiction,Basic,,,,
1st Grade: ELA,Reading Literature,Dialogue & Perspective,Dialogue - Speaker,Main,,,,
1st Grade: ELA,Reading Literature,Dialogue & Perspective,Dialogue - Speaker,Practice 1,,,,
1st Grade: ELA,Reading Literature,Dialogue & Perspective,Dialogue - Speaker,Basic,,,,
1st Grade: ELA,Reading Literature,Dialogue & Perspective,Dialogue - Tone,Main,,,,
1st Grade: ELA,Reading Literature,Dialogue & Perspective,Dialogue - Tone,Practice 1,,,,
1st Grade: ELA,Reading Literature,Dialogue & Perspective,Dialogue - Tone,Basic,,,,
1st Grade: ELA,Reading Literature,Dialogue & Perspective,Points of View,Main,,,,
1st Grade: ELA,Reading Literature,Dialogue & Perspective,Points of View,Practice 1,,,,
1st Grade: ELA,Reading Literature,Dialogue & Perspective,Points of View,Basic,,,,
1st Grade: ELA,Reading Literature,Early Readers,Plant a Seed!,Direct,,,,
1st Grade: ELA,Reading Literature,Early Readers,Sidewalk Chalk,Direct,,,,
1st Grade: ELA,Reading Literature,Early Readers,Sandy Says,Direct,,,,
1st Grade: ELA,Reading Literature,Early Readers,Hero in Training,Direct,,,,
1st Grade: ELA,Reading Literature,Early Readers,Wild Ride,Direct,,,,
1st Grade: ELA,Reading Literature,Early Readers,Lemonade Stand,Direct,,,,
1st Grade: ELA,Reading Literature,Early Readers,A Special Place,Direct,,,,
1st Grade: ELA,Reading Literature,Early Readers,Snow Day,Direct,,,,
1st Grade: ELA,Reading Literature,Early Readers,So Slimy,Direct,,,,
1st Grade: ELA,Reading Literature,Early Readers,Beach Day Birthday,Direct,,,,
1st Grade: ELA,Reading Literature,Early Readers,Planetary Play,Direct,,,,
1st Grade: ELA,Reading Literature,Early Readers,County Fair,Direct,,,,
1st Grade: ELA,Reading Literature,Early Readers,Breakfast Time,Direct,,,,
1st Grade: ELA,Reading Literature,Early Readers,"Flip, Jump, Roll!",Direct,,,,
1st Grade: ELA,Reading Literature,Early Readers,Pinata Party,Direct,,,,
1st Grade: ELA,Reading Literature,Early Readers,Ollo's Toy House,Direct,,,,
1st Grade: ELA,Reading Literature,Early Readers,In Harmony,Direct,,,,
1st Grade: ELA,Reading Literature,Early Readers,Harvest Time,Direct,,,,
1st Grade: ELA,Reading Literature,Early Readers,Glide On Ice,Direct,,,,
1st Grade: ELA,Reading Literature,Stories with Lessons,Duck to Do,Direct,,,,
1st Grade: ELA,Reading Literature,Stories with Lessons,Just You Wait,Direct,,,,
1st Grade: ELA,Reading Literature,Stories with Lessons,On a Roll!,Direct,,,,
1st Grade: ELA,Reading Literature,Stories with Lessons,Hold On!,Direct,,,,
1st Grade: ELA,Reading Literature,Stories with Lessons,Old & New Friends,Direct,,,,
1st Grade: ELA,Reading Literature,Stories with Lessons,Feel Better,Direct,,,,
1st Grade: ELA,Reading Literature,Stories with Lessons,A Helping Hand,Direct,,,,
1st Grade: ELA,Reading Literature,Stories with Lessons,While You're Away,Direct,,,,
1st Grade: ELA,Reading Literature,Stories with Lessons,I'll Go First,Direct,,,,
1st Grade: ELA,Reading Literature,Stories with Lessons,Keep It Down,Direct,,,,
1st Grade: ELA,Reading Literature,Stories with Lessons,Into the Night,Direct,,,,
1st Grade: ELA,Reading Literature,Stories with Lessons,Face to Face,Direct,,,,
1st Grade: ELA,Reading Literature,Stories with Lessons,On Vacation,Direct,,,,
1st Grade: ELA,Reading Literature,Stories with Lessons,Got to Be Me,Direct,,,,
1st Grade: ELA,Reading Literature,Stories with Lessons,A New Addition,Direct,,,,
1st Grade: ELA,Reading Literature,Stories with Lessons,The Finish Line,Direct,,,,
1st Grade: ELA,Reading Literature,Stories with Lessons,Out of Orbit,Direct,,,,
1st Grade: ELA,Reading Literature,Stories with Lessons,Starting School,Direct,,,,
1st Grade: ELA,Reading Literature,Stories with Lessons,Flower Friends,Direct,,,,
1st Grade: ELA,Reading Literature,Stories with Lessons,Guppy's Treasure,Direct,,,,
1st Grade: ELA,Reading Literature,Stories with People,Calming Down,Direct,,,,
1st Grade: ELA,Reading Literature,Stories with People,Big Kids Can Cry,Direct,,,,
1st Grade: ELA,Reading Literature,Stories with People,Let's Play,Direct,,,,
1st Grade: ELA,Reading Literature,Stories with People,Wait For It,Direct,,,,
1st Grade: ELA,Reading Literature,Stories with People,Just Ask,Direct,,,,
1st Grade: ELA,Reading Literature,Stories with People,Skin Colors,Direct,,,,
1st Grade: ELA,Reading Literature,Stories with People,Catching Bugs,Direct,,,,
1st Grade: ELA,Reading Literature,Stories with People,Different Not Weird,Direct,,,,
1st Grade: ELA,Reading Literature,Stories with People,Pranking Problems,Direct,,,,
1st Grade: ELA,Reading Literature,Stories with People,A Problem at Night,Direct,,,,
1st Grade: ELA,Reading Literature,Stories with People,Bonjou,Direct,,,,
1st Grade: ELA,Reading Literature,Stories with People,Trading Lunches,Direct,,,,
1st Grade: ELA,Reading Literature,Stories with People,Give It a Try,Direct,,,,
1st Grade: ELA,Reading Literature,Stories with People,Save It Or Spend It,Direct,,,,
1st Grade: ELA,Reading Literature,Stories with People,Something Warm,Direct,,,,
1st Grade: ELA,Reading Literature,Stories with People,Friendship Takes Time,Direct,,,,
1st Grade: ELA,Reading Literature,Stories with People,Pink Is For Everyone,Direct,,,,
1st Grade: ELA,Reading Literature,Stories with People,Star of the Show,Direct,,,,
1st Grade: ELA,Reading Literature,Stories with People,That's Not Fair,Direct,,,,
1st Grade: ELA,Reading Informational Text,Non-Fiction,Gray Wolves,Direct,,,,
1st Grade: ELA,Reading Informational Text,Non-Fiction,Temperature,Direct,,,,
1st Grade: ELA,Reading Informational Text,Non-Fiction,Fire Ants,Direct,,,,
1st Grade: ELA,Reading Informational Text,Non-Fiction,Coral Reefs,Direct,,,,
1st Grade: ELA,Reading Informational Text,Non-Fiction,Beagles,Direct,,,,
1st Grade: ELA,Reading Informational Text,Non-Fiction,Mammals,Direct,,,,
1st Grade: ELA,Reading Informational Text,Non-Fiction,Siamese Cats,Direct,,,,
1st Grade: ELA,Reading Informational Text,Non-Fiction,Great Horned Owls,Direct,,,,
1st Grade: ELA,Reading Informational Text,Non-Fiction,Precipitation,Direct,,,,
1st Grade: ELA,Reading Informational Text,Non-Fiction,Millipedes,Direct,,,,
1st Grade: ELA,Reading Informational Text,Non-Fiction,Rainforests,Direct,,,,
1st Grade: ELA,Reading Informational Text,Non-Fiction,Siberian Huskies,Direct,,,,
1st Grade: ELA,Reading Informational Text,Non-Fiction,Birds,Direct,,,,
1st Grade: ELA,Reading Informational Text,Non-Fiction,Sphynx Cats,Direct,,,,
1st Grade: ELA,Reading Informational Text,Non-Fiction,Jackrabbits,Direct,,,,
1st Grade: ELA,Reading Informational Text,Non-Fiction,Cloud Cover,Direct,,,,
1st Grade: ELA,Reading Informational Text,Non-Fiction,Black Widow Spider,Direct,,,,
1st Grade: ELA,Reading Informational Text,Non-Fiction,Mountains,Direct,,,,
1st Grade: ELA,Reading Informational Text,Non-Fiction,Golden Retrievers,Direct,,,,
1st Grade: ELA,Reading Informational Text,Non-Fiction,Fish,Direct,,,,
1st Grade: ELA,Reading Informational Text,Non-Fiction,Porcupines,Direct,,,,
1st Grade: ELA,Reading Informational Text,Non-Fiction,Deserts,Direct,,,,
1st Grade: ELA,Reading Informational Text,Non-Fiction,Poodles,Direct,,,,
1st Grade: ELA,Reading Informational Text,Non-Fiction,Insects,Direct,,,,
1st Grade: ELA,Reading Informational Text,Non-Fiction,Striped Skunks,Direct,,,,
1st Grade: ELA,Reading Informational Text,Non-Fiction,Forests,Direct,,,,
1st Grade: ELA,Reading Informational Text,Non-Fiction,Dachshunds,Direct,,,,
1st Grade: ELA,Reading Informational Text,Non-Fiction,White Tailed Deer,Direct,,,,
1st Grade: ELA,Reading Informational Text,Non-Fiction,Labradors,Direct,,,,
1st Grade: ELA,Reading Informational Text,Non-Fiction,Yorkshire Terriers,Direct,,,,
1st Grade: ELA,Reading Informational Text,National Geographic Young Explorer,Wonderful Wetland,Direct,,,,
1st Grade: ELA,Reading Informational Text,National Geographic Young Explorer,My Animal Photos,Direct,,,,
1st Grade: ELA,Reading Informational Text,National Geographic Young Explorer,Plastic Problem,Direct,,,,
1st Grade: ELA,Reading Informational Text,National Geographic Young Explorer,Life in a Pride,Direct,,,,
1st Grade: ELA,Reading Informational Text,National Geographic Young Explorer,Explore with Me,Direct,,,,
1st Grade: ELA,Reading Informational Text,National Geographic Young Explorer,Compost,Direct,,,,
1st Grade: ELA,Reading Informational Text,National Geographic Young Explorer,In the Rainforest,Direct,,,,
1st Grade: ELA,Reading Informational Text,National Geographic Young Explorer,Wildflowers,Direct,,,,
1st Grade: ELA,Reading Informational Text,National Geographic Young Explorer,Saving Sloths,Direct,,,,
1st Grade: ELA,Reading Informational Text,National Geographic Young Explorer,Extreme Ice,Direct,,,,
1st Grade: ELA,Reading Informational Text,National Geographic Young Explorer,Wild Land,Direct,,,,
1st Grade: ELA,Reading Informational Text,National Geographic Young Explorer,Weather,Direct,,,,
1st Grade: ELA,Reading Informational Text,National Geographic Young Explorer,Exploring Energy,Direct,,,,
2nd Grade: ELA,Reading Foundational Skills,Vowel Sounds,"Long A: ai, ay",Main,,,,
2nd Grade: ELA,Reading Foundational Skills,Vowel Sounds,"Long A: ai, ay",Practice 1,,,,
2nd Grade: ELA,Reading Foundational Skills,Vowel Sounds,"Long A: ai, ay",Practice 2,,,,
2nd Grade: ELA,Reading Foundational Skills,Vowel Sounds,"Long A: ai, ay",Basic,,,,
2nd Grade: ELA,Reading Foundational Skills,Vowel Sounds,"Long E: ee, ea",Main,,,,
2nd Grade: ELA,Reading Foundational Skills,Vowel Sounds,"Long E: ee, ea",Practice 1,,,,
2nd Grade: ELA,Reading Foundational Skills,Vowel Sounds,"Long E: ee, ea",Practice 2,,,,
2nd Grade: ELA,Reading Foundational Skills,Vowel Sounds,"Long E: ee, ea",Basic,,,,
2nd Grade: ELA,Reading Foundational Skills,Vowel Sounds,"Long O: oa, ow",Main,,,,
2nd Grade: ELA,Reading Foundational Skills,Vowel Sounds,"Long O: oa, ow",Practice 1,,,,
2nd Grade: ELA,Reading Foundational Skills,Vowel Sounds,"Long O: oa, ow",Practice 2,,,,
2nd Grade: ELA,Reading Foundational Skills,Vowel Sounds,"Long O: oa, ow",Basic,,,,
2nd Grade: ELA,Reading Foundational Skills,Vowel Sounds,"Long I: ie, igh",Main,,,,
2nd Grade: ELA,Reading Foundational Skills,Vowel Sounds,"Long I: ie, igh",Practice 1,,,,
2nd Grade: ELA,Reading Foundational Skills,Vowel Sounds,"Long I: ie, igh",Practice 2,,,,
2nd Grade: ELA,Reading Foundational Skills,Vowel Sounds,"Long I: ie, igh",Basic,,,,
2nd Grade: ELA,Reading Foundational Skills,Vowel Sounds,"Long U: ue, ui",Main,,,,
2nd Grade: ELA,Reading Foundational Skills,Vowel Sounds,"Long U: ue, ui",Practice 1,,,,
2nd Grade: ELA,Reading Foundational Skills,Vowel Sounds,"Long U: ue, ui",Practice 2,,,,
2nd Grade: ELA,Reading Foundational Skills,Vowel Sounds,"Long U: ue, ui",Basic,,,,
2nd Grade: ELA,Reading Foundational Skills,Vowel Sounds,"Long U: ew, oo",Main,,,,
2nd Grade: ELA,Reading Foundational Skills,Vowel Sounds,"Long U: ew, oo",Practice 1,,,,
2nd Grade: ELA,Reading Foundational Skills,Vowel Sounds,"Long U: ew, oo",Practice 2,,,,
2nd Grade: ELA,Reading Foundational Skills,Vowel Sounds,"Long U: ew, oo",Basic,,,,
2nd Grade: ELA,Reading Foundational Skills,Vowel Sounds,"Diphthongs: aw, au",Main,,,,
2nd Grade: ELA,Reading Foundational Skills,Vowel Sounds,"Diphthongs: aw, au",Practice 1,,,,
2nd Grade: ELA,Reading Foundational Skills,Vowel Sounds,"Diphthongs: aw, au",Practice 2,,,,
2nd Grade: ELA,Reading Foundational Skills,Vowel Sounds,"Diphthongs: aw, au",Basic,,,,
2nd Grade: ELA,Reading Foundational Skills,Vowel Sounds,"Diphthongs: ou, ow",Main,,,,
2nd Grade: ELA,Reading Foundational Skills,Vowel Sounds,"Diphthongs: ou, ow",Practice 1,,,,
2nd Grade: ELA,Reading Foundational Skills,Vowel Sounds,"Diphthongs: ou, ow",Practice 2,,,,
2nd Grade: ELA,Reading Foundational Skills,Vowel Sounds,"Diphthongs: ou, ow",Basic,,,,
2nd Grade: ELA,Reading Foundational Skills,Vowel Sounds,"Diphthongs: oi, oy",Main,,,,
2nd Grade: ELA,Reading Foundational Skills,Vowel Sounds,"Diphthongs: oi, oy",Practice 1,,,,
2nd Grade: ELA,Reading Foundational Skills,Vowel Sounds,"Diphthongs: oi, oy",Practice 2,,,,
2nd Grade: ELA,Reading Foundational Skills,Vowel Sounds,"Diphthongs: oi, oy",Basic,,,,
2nd Grade: ELA,Reading Foundational Skills,Consonant Blends,"st, sp, sk, sm",Main,,,,
2nd Grade: ELA,Reading Foundational Skills,Consonant Blends,"st, sp, sk, sm",Practice 1,,,,
2nd Grade: ELA,Reading Foundational Skills,Consonant Blends,"st, sp, sk, sm",Practice 2,,,,
2nd Grade: ELA,Reading Foundational Skills,Consonant Blends,"st, sp, sk, sm",Basic,,,,
2nd Grade: ELA,Reading Foundational Skills,Consonant Blends,"sc, sl, sn, sw",Main,,,,
2nd Grade: ELA,Reading Foundational Skills,Consonant Blends,"sc, sl, sn, sw",Practice 1,,,,
2nd Grade: ELA,Reading Foundational Skills,Consonant Blends,"sc, sl, sn, sw",Practice 2,,,,
2nd Grade: ELA,Reading Foundational Skills,Consonant Blends,"sc, sl, sn, sw",Basic,,,,
2nd Grade: ELA,Reading Foundational Skills,Consonant Blends,"bl, cl, fl",Main,,,,
2nd Grade: ELA,Reading Foundational Skills,Consonant Blends,"bl, cl, fl",Practice 1,,,,
2nd Grade: ELA,Reading Foundational Skills,Consonant Blends,"bl, cl, fl",Practice 2,,,,
2nd Grade: ELA,Reading Foundational Skills,Consonant Blends,"bl, cl, fl",Basic,,,,
2nd Grade: ELA,Reading Foundational Skills,Consonant Blends,"gl, pl, sl",Main,,,,
2nd Grade: ELA,Reading Foundational Skills,Consonant Blends,"gl, pl, sl",Practice 1,,,,
2nd Grade: ELA,Reading Foundational Skills,Consonant Blends,"gl, pl, sl",Practice 2,,,,
2nd Grade: ELA,Reading Foundational Skills,Consonant Blends,"gl, pl, sl",Basic,,,,
2nd Grade: ELA,Reading Foundational Skills,Consonant Blends,"dr, gr, pr, tr",Main,,,,
2nd Grade: ELA,Reading Foundational Skills,Consonant Blends,"dr, gr, pr, tr",Practice 1,,,,
2nd Grade: ELA,Reading Foundational Skills,Consonant Blends,"dr, gr, pr, tr",Practice 2,,,,
2nd Grade: ELA,Reading Foundational Skills,Consonant Blends,"dr, gr, pr, tr",Basic,,,,
2nd Grade: ELA,Reading Foundational Skills,Consonant Blends,"br, cr, fr",Main,,,,
2nd Grade: ELA,Reading Foundational Skills,Consonant Blends,"br, cr, fr",Practice 1,,,,
2nd Grade: ELA,Reading Foundational Skills,Consonant Blends,"br, cr, fr",Practice 2,,,,
2nd Grade: ELA,Reading Foundational Skills,Consonant Blends,"br, cr, fr",Basic,,,,
2nd Grade: ELA,Reading Foundational Skills,Consonant Blends,"qu, tw",Main,,,,
2nd Grade: ELA,Reading Foundational Skills,Consonant Blends,"qu, tw",Practice 1,,,,
2nd Grade: ELA,Reading Foundational Skills,Consonant Blends,"qu, tw",Practice 2,,,,
2nd Grade: ELA,Reading Foundational Skills,Consonant Blends,"qu, tw",Basic,,,,
2nd Grade: ELA,Reading Foundational Skills,r-Controlled Vowels,Sounds: ar,Main,,,,
2nd Grade: ELA,Reading Foundational Skills,r-Controlled Vowels,Sounds: ar,Practice 1,,,,
2nd Grade: ELA,Reading Foundational Skills,r-Controlled Vowels,Sounds: ar,Practice 2,,,,
2nd Grade: ELA,Reading Foundational Skills,r-Controlled Vowels,Sounds: ar,Basic,,,,
2nd Grade: ELA,Reading Foundational Skills,r-Controlled Vowels,"Sounds: er, ir, ur",Main,,,,
2nd Grade: ELA,Reading Foundational Skills,r-Controlled Vowels,"Sounds: er, ir, ur",Practice 1,,,,
2nd Grade: ELA,Reading Foundational Skills,r-Controlled Vowels,"Sounds: er, ir, ur",Practice 2,,,,
2nd Grade: ELA,Reading Foundational Skills,r-Controlled Vowels,"Sounds: er, ir, ur",Basic,,,,
2nd Grade: ELA,Reading Foundational Skills,r-Controlled Vowels,"Sounds: or, ore",Main,,,,
2nd Grade: ELA,Reading Foundational Skills,r-Controlled Vowels,"Sounds: or, ore",Practice 1,,,,
2nd Grade: ELA,Reading Foundational Skills,r-Controlled Vowels,"Sounds: or, ore",Practice 2,,,,
2nd Grade: ELA,Reading Foundational Skills,r-Controlled Vowels,"Sounds: or, ore",Basic,,,,
2nd Grade: ELA,Reading Foundational Skills,Consonant Digraphs,Sounds: ch,Main,,,,
2nd Grade: ELA,Reading Foundational Skills,Consonant Digraphs,Sounds: ch,Practice 1,,,,
2nd Grade: ELA,Reading Foundational Skills,Consonant Digraphs,Sounds: ch,Practice 2,,,,
2nd Grade: ELA,Reading Foundational Skills,Consonant Digraphs,Sounds: ch,Basic,,,,
2nd Grade: ELA,Reading Foundational Skills,Consonant Digraphs,Sounds: sh,Main,,,,
2nd Grade: ELA,Reading Foundational Skills,Consonant Digraphs,Sounds: sh,Practice 1,,,,
2nd Grade: ELA,Reading Foundational Skills,Consonant Digraphs,Sounds: sh,Practice 2,,,,
2nd Grade: ELA,Reading Foundational Skills,Consonant Digraphs,Sounds: sh,Basic,,,,
2nd Grade: ELA,Reading Foundational Skills,Consonant Digraphs,Sounds: th,Main,,,,
2nd Grade: ELA,Reading Foundational Skills,Consonant Digraphs,Sounds: th,Practice 1,,,,
2nd Grade: ELA,Reading Foundational Skills,Consonant Digraphs,Sounds: th,Practice 2,,,,
2nd Grade: ELA,Reading Foundational Skills,Consonant Digraphs,Sounds: th,Basic,,,,
2nd Grade: ELA,Reading Foundational Skills,Consonant Digraphs,Sounds: wh,Main,,,,
2nd Grade: ELA,Reading Foundational Skills,Consonant Digraphs,Sounds: wh,Practice 1,,,,
2nd Grade: ELA,Reading Foundational Skills,Consonant Digraphs,Sounds: wh,Practice 2,,,,
2nd Grade: ELA,Reading Foundational Skills,Consonant Digraphs,Sounds: wh,Basic,,,,
2nd Grade: ELA,Reading Foundational Skills,Consonant Digraphs,"Sounds: ch, sh, th",Main,,,,
2nd Grade: ELA,Reading Foundational Skills,Consonant Digraphs,"Sounds: ch, sh, th",Practice 1,,,,
2nd Grade: ELA,Reading Foundational Skills,Consonant Digraphs,"Sounds: ch, sh, th",Practice 2,,,,
2nd Grade: ELA,Reading Foundational Skills,Consonant Digraphs,"Sounds: ch, sh, th",Basic,,,,
2nd Grade: ELA,Reading Foundational Skills,Prefixes & Suffixes,"un-, re-, pre-",Main,,,,
2nd Grade: ELA,Reading Foundational Skills,Prefixes & Suffixes,"un-, re-, pre-",Practice 1,,,,
2nd Grade: ELA,Reading Foundational Skills,Prefixes & Suffixes,"un-, re-, pre-",Practice 2,,,,
2nd Grade: ELA,Reading Foundational Skills,Prefixes & Suffixes,"un-, re-, pre-",Basic,,,,
2nd Grade: ELA,Reading Foundational Skills,Prefixes & Suffixes,"mis-, mid-, under-",Main,,,,
2nd Grade: ELA,Reading Foundational Skills,Prefixes & Suffixes,"mis-, mid-, under-",Practice 1,,,,
2nd Grade: ELA,Reading Foundational Skills,Prefixes & Suffixes,"mis-, mid-, under-",Practice 2,,,,
2nd Grade: ELA,Reading Foundational Skills,Prefixes & Suffixes,"mis-, mid-, under-",Basic,,,,
2nd Grade: ELA,Reading Foundational Skills,Prefixes & Suffixes,"-able, -ful, -ly",Main,,,,
2nd Grade: ELA,Reading Foundational Skills,Prefixes & Suffixes,"-able, -ful, -ly",Practice 1,,,,
2nd Grade: ELA,Reading Foundational Skills,Prefixes & Suffixes,"-able, -ful, -ly",Practice 2,,,,
2nd Grade: ELA,Reading Foundational Skills,Prefixes & Suffixes,"-able, -ful, -ly",Basic,,,,
2nd Grade: ELA,Reading Foundational Skills,Sight Words,"I, was, for, you",Main,,,,
2nd Grade: ELA,Reading Foundational Skills,Sight Words,"I, was, for, you",Practice 1,,,,
2nd Grade: ELA,Reading Foundational Skills,Sight Words,"I, was, for, you",Practice 2,,,,
2nd Grade: ELA,Reading Foundational Skills,Sight Words,"I, was, for, you",Basic,,,,
2nd Grade: ELA,Reading Foundational Skills,Sight Words,"some, come, done",Main,,,,
2nd Grade: ELA,Reading Foundational Skills,Sight Words,"some, come, done",Practice 1,,,,
2nd Grade: ELA,Reading Foundational Skills,Sight Words,"some, come, done",Practice 2,,,,
2nd Grade: ELA,Reading Foundational Skills,Sight Words,"some, come, done",Basic,,,,
2nd Grade: ELA,Reading Foundational Skills,Sight Words,"to, do, into",Main,,,,
2nd Grade: ELA,Reading Foundational Skills,Sight Words,"to, do, into",Practice 1,,,,
2nd Grade: ELA,Reading Foundational Skills,Sight Words,"to, do, into",Practice 2,,,,
2nd Grade: ELA,Reading Foundational Skills,Sight Words,"to, do, into",Basic,,,,
2nd Grade: ELA,Reading Foundational Skills,Sight Words,"there, where",Main,,,,
2nd Grade: ELA,Reading Foundational Skills,Sight Words,"there, where",Practice 1,,,,
2nd Grade: ELA,Reading Foundational Skills,Sight Words,"there, where",Practice 2,,,,
2nd Grade: ELA,Reading Foundational Skills,Sight Words,"there, where",Basic,,,,
2nd Grade: ELA,Reading Foundational Skills,Sight Words,"those, these",Main,,,,
2nd Grade: ELA,Reading Foundational Skills,Sight Words,"those, these",Practice 1,,,,
2nd Grade: ELA,Reading Foundational Skills,Sight Words,"those, these",Practice 2,,,,
2nd Grade: ELA,Reading Foundational Skills,Sight Words,"those, these",Basic,,,,
2nd Grade: ELA,Reading Foundational Skills,Sight Words,"all, call, fall",Main,,,,
2nd Grade: ELA,Reading Foundational Skills,Sight Words,"all, call, fall",Practice 1,,,,
2nd Grade: ELA,Reading Foundational Skills,Sight Words,"all, call, fall",Practice 2,,,,
2nd Grade: ELA,Reading Foundational Skills,Sight Words,"all, call, fall",Basic,,,,
2nd Grade: ELA,Reading Foundational Skills,Sight Words,"could, would",Main,,,,
2nd Grade: ELA,Reading Foundational Skills,Sight Words,"could, would",Practice 1,,,,
2nd Grade: ELA,Reading Foundational Skills,Sight Words,"could, would",Practice 2,,,,
2nd Grade: ELA,Reading Foundational Skills,Sight Words,"could, would",Basic,,,,
2nd Grade: ELA,Reading Foundational Skills,Sight Words,"were, are",Main,,,,
2nd Grade: ELA,Reading Foundational Skills,Sight Words,"were, are",Practice 1,,,,
2nd Grade: ELA,Reading Foundational Skills,Sight Words,"were, are",Practice 2,,,,
2nd Grade: ELA,Reading Foundational Skills,Sight Words,"were, are",Basic,,,,
2nd Grade: ELA,Reading Foundational Skills,Sight Words,"old, cold, hold",Main,,,,
2nd Grade: ELA,Reading Foundational Skills,Sight Words,"old, cold, hold",Practice 1,,,,
2nd Grade: ELA,Reading Foundational Skills,Sight Words,"old, cold, hold",Practice 2,,,,
2nd Grade: ELA,Reading Foundational Skills,Sight Words,"old, cold, hold",Basic,,,,
2nd Grade: ELA,Reading Foundational Skills,Sight Words,"find, kind, mind",Main,,,,
2nd Grade: ELA,Reading Foundational Skills,Sight Words,"find, kind, mind",Practice 1,,,,
2nd Grade: ELA,Reading Foundational Skills,Sight Words,"find, kind, mind",Practice 2,,,,
2nd Grade: ELA,Reading Foundational Skills,Sight Words,"find, kind, mind",Basic,,,,
2nd Grade: ELA,Reading Foundational Skills,Sight Words,"want, wash, watch",Main,,,,
2nd Grade: ELA,Reading Foundational Skills,Sight Words,"want, wash, watch",Practice 1,,,,
2nd Grade: ELA,Reading Foundational Skills,Sight Words,"want, wash, watch",Practice 2,,,,
2nd Grade: ELA,Reading Foundational Skills,Sight Words,"want, wash, watch",Basic,,,,
2nd Grade: ELA,Reading Foundational Skills,Sight Words,"put, full, pull",Main,,,,
2nd Grade: ELA,Reading Foundational Skills,Sight Words,"put, full, pull",Practice 1,,,,
2nd Grade: ELA,Reading Foundational Skills,Sight Words,"put, full, pull",Practice 2,,,,
2nd Grade: ELA,Reading Foundational Skills,Sight Words,"put, full, pull",Basic,,,,
2nd Grade: ELA,Reading Foundational Skills,Spelling Rules,Homophones,Main,,,,
2nd Grade: ELA,Reading Foundational Skills,Spelling Rules,Homophones,Practice 1,,,,
2nd Grade: ELA,Reading Foundational Skills,Spelling Rules,Homophones,Practice 2,,,,
2nd Grade: ELA,Reading Foundational Skills,Spelling Rules,Homophones,Basic,,,,
2nd Grade: ELA,Reading Foundational Skills,Spelling Rules,Final Syllable -le,Main,,,,
2nd Grade: ELA,Reading Foundational Skills,Spelling Rules,Final Syllable -le,Practice 1,,,,
2nd Grade: ELA,Reading Foundational Skills,Spelling Rules,Final Syllable -le,Practice 2,,,,
2nd Grade: ELA,Reading Foundational Skills,Spelling Rules,Final Syllable -le,Basic,,,,
2nd Grade: ELA,Reading Foundational Skills,Spelling Rules,Soft C,Main,,,,80%
2nd Grade: ELA,Reading Foundational Skills,Spelling Rules,Soft C,Practice 1,,80%,,80%
2nd Grade: ELA,Reading Foundational Skills,Spelling Rules,Soft C,Practice 2,,,,80%
2nd Grade: ELA,Reading Foundational Skills,Spelling Rules,Soft C,Basic,,100%,,80%
2nd Grade: ELA,Reading Foundational Skills,Spelling Rules,Soft G,Main,,100%,,100%
2nd Grade: ELA,Reading Foundational Skills,Spelling Rules,Soft G,Practice 1,,,,100%
2nd Grade: ELA,Reading Foundational Skills,Spelling Rules,Soft G,Practice 2,,,,100%
2nd Grade: ELA,Reading Foundational Skills,Spelling Rules,Soft G,Basic,,100%,,100%
2nd Grade: ELA,Reading Foundational Skills,Spelling Rules,Plural Endings,Main,,,,
2nd Grade: ELA,Reading Foundational Skills,Spelling Rules,Plural Endings,Practice 1,,,,
2nd Grade: ELA,Reading Foundational Skills,Spelling Rules,Plural Endings,Practice 2,,,,
2nd Grade: ELA,Reading Foundational Skills,Spelling Rules,Plural Endings,Basic,,,,
2nd Grade: ELA,Reading Foundational Skills,Spelling Rules,k vs c Rule,Main,,,,
2nd Grade: ELA,Reading Foundational Skills,Spelling Rules,k vs c Rule,Practice 1,,,,
2nd Grade: ELA,Reading Foundational Skills,Spelling Rules,k vs c Rule,Practice 2,,,,
2nd Grade: ELA,Reading Foundational Skills,Spelling Rules,k vs c Rule,Basic,,,,
2nd Grade: ELA,Reading Foundational Skills,Spelling Rules,-ck Rule,Main,,,,
2nd Grade: ELA,Reading Foundational Skills,Spelling Rules,-ck Rule,Practice 1,,,,
2nd Grade: ELA,Reading Foundational Skills,Spelling Rules,-ck Rule,Practice 2,,,,
2nd Grade: ELA,Reading Foundational Skills,Spelling Rules,-ck Rule,Basic,,,,
2nd Grade: ELA,Reading Foundational Skills,Spelling Rules,-tch Rule,Main,,,,
2nd Grade: ELA,Reading Foundational Skills,Spelling Rules,-tch Rule,Practice 1,,,,
2nd Grade: ELA,Reading Foundational Skills,Spelling Rules,-tch Rule,Practice 2,,,,
2nd Grade: ELA,Reading Foundational Skills,Spelling Rules,-tch Rule,Basic,,80%,,
2nd Grade: ELA,Reading Foundational Skills,Spelling Rules,-dge Rule,Main,,,,
2nd Grade: ELA,Reading Foundational Skills,Spelling Rules,-dge Rule,Practice 1,,,,
2nd Grade: ELA,Reading Foundational Skills,Spelling Rules,-dge Rule,Practice 2,,,,
2nd Grade: ELA,Reading Foundational Skills,Spelling Rules,-dge Rule,Basic,,,,
2nd Grade: ELA,Reading Foundational Skills,Spelling Rules,Floss Rule,Main,,100%,,100%
2nd Grade: ELA,Reading Foundational Skills,Spelling Rules,Floss Rule,Practice 1,,,,100%
2nd Grade: ELA,Reading Foundational Skills,Spelling Rules,Floss Rule,Practice 2,,,,100%
2nd Grade: ELA,Reading Foundational Skills,Spelling Rules,Floss Rule,Basic,,75%,,100%
2nd Grade: ELA,Reading Foundational Skills,Spelling Rules,Double Consonants,Main,,75%,,75%
2nd Grade: ELA,Reading Foundational Skills,Spelling Rules,Double Consonants,Practice 1,,,,75%
2nd Grade: ELA,Reading Foundational Skills,Spelling Rules,Double Consonants,Practice 2,,,,75%
2nd Grade: ELA,Reading Foundational Skills,Spelling Rules,Double Consonants,Basic,,100%,,75%
2nd Grade: ELA,Reading Foundational Skills,Spelling Rules,Dropping Silent E,Main,,,,
2nd Grade: ELA,Reading Foundational Skills,Spelling Rules,Dropping Silent E,Practice 1,,,,
2nd Grade: ELA,Reading Foundational Skills,Spelling Rules,Dropping Silent E,Practice 2,,,,
2nd Grade: ELA,Reading Foundational Skills,Spelling Rules,Dropping Silent E,Basic,,85%,,
2nd Grade: ELA,Reading Foundational Skills,Reading Fluency,Reading Accuracy,Main,,,,
2nd Grade: ELA,Reading Foundational Skills,Reading Fluency,Reading Accuracy,Practice 1,,,,
2nd Grade: ELA,Reading Foundational Skills,Reading Fluency,Reading Accuracy,Basic,,,,
2nd Grade: ELA,Reading Foundational Skills,Reading Fluency,Monitoring,Main,,,,
2nd Grade: ELA,Reading Foundational Skills,Reading Fluency,Monitoring,Practice 1,,,,
2nd Grade: ELA,Reading Foundational Skills,Reading Fluency,Monitoring,Basic,,,,
2nd Grade: ELA,Language,Collective & Plural Nouns,Collective Noun,Main,,,,
2nd Grade: ELA,Language,Collective & Plural Nouns,Collective Noun,Practice 1,,,,
2nd Grade: ELA,Language,Collective & Plural Nouns,Collective Noun,Practice 2,,,,
2nd Grade: ELA,Language,Collective & Plural Nouns,Collective Noun,Basic,,,,
2nd Grade: ELA,Language,Collective & Plural Nouns,Plural Nouns,Main,,,,
2nd Grade: ELA,Language,Collective & Plural Nouns,Plural Nouns,Practice 1,,,,
2nd Grade: ELA,Language,Collective & Plural Nouns,Plural Nouns,Practice 2,,,,
2nd Grade: ELA,Language,Collective & Plural Nouns,Plural Nouns,Basic,,,,
2nd Grade: ELA,Language,Collective & Plural Nouns,Irregular Plural 1,Main,,,,
2nd Grade: ELA,Language,Collective & Plural Nouns,Irregular Plural 1,Practice 1,,,,
2nd Grade: ELA,Language,Collective & Plural Nouns,Irregular Plural 1,Practice 2,,,,
2nd Grade: ELA,Language,Collective & Plural Nouns,Irregular Plural 1,Basic,,,,
2nd Grade: ELA,Language,Collective & Plural Nouns,Irregular Plural 2,Main,,,,
2nd Grade: ELA,Language,Collective & Plural Nouns,Irregular Plural 2,Practice 1,,,,
2nd Grade: ELA,Language,Collective & Plural Nouns,Irregular Plural 2,Practice 2,,,,
2nd Grade: ELA,Language,Collective & Plural Nouns,Irregular Plural 2,Basic,,,,
2nd Grade: ELA,Language,Reflexive Pronouns,Reflexive Pronouns,Main,,,,
2nd Grade: ELA,Language,Reflexive Pronouns,Reflexive Pronouns,Practice 1,,,,
2nd Grade: ELA,Language,Reflexive Pronouns,Reflexive Pronouns,Practice 2,,,,
2nd Grade: ELA,Language,Reflexive Pronouns,Reflexive Pronouns,Basic,,,,
2nd Grade: ELA,Language,Verb Tenses,Verb Tenses,Main,,,,
2nd Grade: ELA,Language,Verb Tenses,Verb Tenses,Practice 1,,,,
2nd Grade: ELA,Language,Verb Tenses,Verb Tenses,Practice 2,,,,
2nd Grade: ELA,Language,Verb Tenses,Verb Tenses,Basic,,,,
2nd Grade: ELA,Language,Verb Tenses,Special Past Tense,Main,,,,
2nd Grade: ELA,Language,Verb Tenses,Special Past Tense,Practice 1,,,,
2nd Grade: ELA,Language,Verb Tenses,Special Past Tense,Practice 2,,,,
2nd Grade: ELA,Language,Verb Tenses,Special Past Tense,Basic,,,,
2nd Grade: ELA,Language,Adjectives & Adverbs,Adverbs,Main,,,,
2nd Grade: ELA,Language,Adjectives & Adverbs,Adverbs,Practice 1,,,,
2nd Grade: ELA,Language,Adjectives & Adverbs,Adverbs,Practice 2,,,,
2nd Grade: ELA,Language,Adjectives & Adverbs,Adverbs,Basic,,,,
2nd Grade: ELA,Language,Adjectives & Adverbs,Adjective & Adverb,Main,,,,
2nd Grade: ELA,Language,Adjectives & Adverbs,Adjective & Adverb,Practice 1,,,,
2nd Grade: ELA,Language,Adjectives & Adverbs,Adjective & Adverb,Practice 2,,,,
2nd Grade: ELA,Language,Adjectives & Adverbs,Adjective & Adverb,Basic,,,,
2nd Grade: ELA,Language,Expand & Arrange Sentences,Arrange Sentences,Main,,,,
2nd Grade: ELA,Language,Expand & Arrange Sentences,Arrange Sentences,Practice 1,,,,
2nd Grade: ELA,Language,Expand & Arrange Sentences,Arrange Sentences,Practice 2,,,,
2nd Grade: ELA,Language,Expand & Arrange Sentences,Arrange Sentences,Basic,,,,
2nd Grade: ELA,Language,Capitalization,Capitalization,Main,,,,
2nd Grade: ELA,Language,Capitalization,Capitalization,Practice 1,,,,
2nd Grade: ELA,Language,Capitalization,Capitalization,Practice 2,,,,
2nd Grade: ELA,Language,Capitalization,Capitalization,Basic,,,,
2nd Grade: ELA,Language,Commas in Letters,Commas in Letters,Main,,,,
2nd Grade: ELA,Language,Commas in Letters,Commas in Letters,Practice 1,,,,
2nd Grade: ELA,Language,Commas in Letters,Commas in Letters,Practice 2,,,,
2nd Grade: ELA,Language,Commas in Letters,Commas in Letters,Basic,,,,
2nd Grade: ELA,Language,Contractions & Possessives,Contractions 1,Main,,,,
2nd Grade: ELA,Language,Contractions & Possessives,Contractions 1,Practice 1,,,,
2nd Grade: ELA,Language,Contractions & Possessives,Contractions 1,Practice 2,,,,
2nd Grade: ELA,Language,Contractions & Possessives,Contractions 1,Basic,,,,
2nd Grade: ELA,Language,Contractions & Possessives,Contractions 2,Main,,,,
2nd Grade: ELA,Language,Contractions & Possessives,Contractions 2,Practice 1,,,,
2nd Grade: ELA,Language,Contractions & Possessives,Contractions 2,Practice 2,,,,
2nd Grade: ELA,Language,Contractions & Possessives,Contractions 2,Basic,,,,
2nd Grade: ELA,Language,Contractions & Possessives,Contractions 3,Main,,,,
2nd Grade: ELA,Language,Contractions & Possessives,Contractions 3,Practice 1,,,,
2nd Grade: ELA,Language,Contractions & Possessives,Contractions 3,Practice 2,,,,
2nd Grade: ELA,Language,Contractions & Possessives,Contractions 3,Basic,,,,
2nd Grade: ELA,Language,Contractions & Possessives,Possessive Nouns,Main,,,,
2nd Grade: ELA,Language,Contractions & Possessives,Possessive Nouns,Practice 1,,,,
2nd Grade: ELA,Language,Contractions & Possessives,Possessive Nouns,Practice 2,,,,
2nd Grade: ELA,Language,Contractions & Possessives,Possessive Nouns,Basic,,,,
2nd Grade: ELA,Language,Formal vs Informal Language,Formal vs Informal,Main,,,,
2nd Grade: ELA,Language,Formal vs Informal Language,Formal vs Informal,Practice 1,,,,
2nd Grade: ELA,Language,Formal vs Informal Language,Formal vs Informal,Practice 2,,,,
2nd Grade: ELA,Language,Formal vs Informal Language,Formal vs Informal,Basic,,,,
2nd Grade: ELA,Language,Define Unknown Words,Context Clues,Main,,,,
2nd Grade: ELA,Language,Define Unknown Words,Context Clues,Practice 1,,,,
2nd Grade: ELA,Language,Define Unknown Words,Context Clues,Practice 2,,,,
2nd Grade: ELA,Language,Define Unknown Words,Context Clues,Basic,,,,
2nd Grade: ELA,Language,Define Unknown Words,Root Words,Main,,,,
2nd Grade: ELA,Language,Define Unknown Words,Root Words,Practice 1,,,,
2nd Grade: ELA,Language,Define Unknown Words,Root Words,Practice 2,,,,
2nd Grade: ELA,Language,Define Unknown Words,Root Words,Basic,,,,
2nd Grade: ELA,Language,Define Unknown Words,Compound Words,Main,,,,
2nd Grade: ELA,Language,Define Unknown Words,Compound Words,Practice 1,,,,
2nd Grade: ELA,Language,Define Unknown Words,Compound Words,Practice 2,,,,
2nd Grade: ELA,Language,Define Unknown Words,Compound Words,Basic,,,,
2nd Grade: ELA,Reading Literature,Key Ideas & Details,Ask While You Read,Main,,,,
2nd Grade: ELA,Reading Literature,Key Ideas & Details,Ask While You Read,Practice 1,,,,
2nd Grade: ELA,Reading Literature,Key Ideas & Details,Ask While You Read,Basic,,,,
2nd Grade: ELA,Reading Literature,Key Ideas & Details,"Who, When, Where",Main,,,,
2nd Grade: ELA,Reading Literature,Key Ideas & Details,"Who, When, Where",Practice 1,,,,
2nd Grade: ELA,Reading Literature,Key Ideas & Details,"Who, When, Where",Basic,,,,
2nd Grade: ELA,Reading Literature,Key Ideas & Details,"What, Why, How",Main,,,,
2nd Grade: ELA,Reading Literature,Key Ideas & Details,"What, Why, How",Practice 1,,,,
2nd Grade: ELA,Reading Literature,Key Ideas & Details,"What, Why, How",Basic,,,,
2nd Grade: ELA,Reading Literature,Key Ideas & Details,Key Details,Main,,,,
2nd Grade: ELA,Reading Literature,Key Ideas & Details,Key Details,Practice 1,,,,
2nd Grade: ELA,Reading Literature,Key Ideas & Details,Key Details,Basic,,,,
2nd Grade: ELA,Reading Literature,Key Ideas & Details,Describe Characters,Main,,,,
2nd Grade: ELA,Reading Literature,Key Ideas & Details,Describe Characters,Practice 1,,,,
2nd Grade: ELA,Reading Literature,Key Ideas & Details,Describe Characters,Basic,,,,
2nd Grade: ELA,Reading Literature,Key Ideas & Details,Characters Respond,Main,,,,
2nd Grade: ELA,Reading Literature,Key Ideas & Details,Characters Respond,Practice 1,,,,
2nd Grade: ELA,Reading Literature,Key Ideas & Details,Characters Respond,Basic,,,,
2nd Grade: ELA,Reading Literature,Key Ideas & Details,Important Details,Main,,,,
2nd Grade: ELA,Reading Literature,Key Ideas & Details,Important Details,Practice 1,,,,
2nd Grade: ELA,Reading Literature,Key Ideas & Details,Important Details,Basic,,,,
2nd Grade: ELA,Reading Literature,Key Ideas & Details,Retell - Summarizing,Main,,,,
2nd Grade: ELA,Reading Literature,Key Ideas & Details,Retell - Summarizing,Practice 1,,,,
2nd Grade: ELA,Reading Literature,Key Ideas & Details,Retell - Summarizing,Basic,,,,
2nd Grade: ELA,Reading Literature,Key Ideas & Details,Find the Lesson,Main,,,,
2nd Grade: ELA,Reading Literature,Key Ideas & Details,Find the Lesson,Practice 1,,,,
2nd Grade: ELA,Reading Literature,Key Ideas & Details,Find the Lesson,Basic,,,,
2nd Grade: ELA,Reading Literature,Words & Structure,Sensory Words,Main,,,,
2nd Grade: ELA,Reading Literature,Words & Structure,Sensory Words,Practice 1,,,,
2nd Grade: ELA,Reading Literature,Words & Structure,Sensory Words,Basic,,,,
2nd Grade: ELA,Reading Literature,Words & Structure,Story Structure,Main,,,,
2nd Grade: ELA,Reading Literature,Words & Structure,Story Structure,Practice 1,,,,
2nd Grade: ELA,Reading Literature,Words & Structure,Story Structure,Basic,,,,
2nd Grade: ELA,Reading Literature,Words & Structure,Fiction Nonfiction,Main,,,,
2nd Grade: ELA,Reading Literature,Words & Structure,Fiction Nonfiction,Practice 1,,,,
2nd Grade: ELA,Reading Literature,Words & Structure,Fiction Nonfiction,Basic,,,,
2nd Grade: ELA,Reading Literature,Integrating Text & Illustrations,Illustrations 1,Main,,,,
2nd Grade: ELA,Reading Literature,Integrating Text & Illustrations,Illustrations 1,Practice 1,,,,
2nd Grade: ELA,Reading Literature,Integrating Text & Illustrations,Illustrations 1,Basic,,,,
2nd Grade: ELA,Reading Literature,Integrating Text & Illustrations,Illustrations 2,Main,,,,
2nd Grade: ELA,Reading Literature,Integrating Text & Illustrations,Illustrations 2,Practice 1,,,,
2nd Grade: ELA,Reading Literature,Integrating Text & Illustrations,Illustrations 2,Basic,,,,
2nd Grade: ELA,Reading Literature,Integrating Text & Illustrations,Making Predictions,Main,,,,
2nd Grade: ELA,Reading Literature,Integrating Text & Illustrations,Making Predictions,Practice 1,,,,
2nd Grade: ELA,Reading Literature,Integrating Text & Illustrations,Making Predictions,Basic,,,,
2nd Grade: ELA,Reading Literature,Dialogue & Perspective,Dialogue - Speaker,Main,,,,
2nd Grade: ELA,Reading Literature,Dialogue & Perspective,Dialogue - Speaker,Practice 1,,,,
2nd Grade: ELA,Reading Literature,Dialogue & Perspective,Dialogue - Speaker,Basic,,,,
2nd Grade: ELA,Reading Literature,Dialogue & Perspective,Dialogue - Tone,Main,,,,
2nd Grade: ELA,Reading Literature,Dialogue & Perspective,Dialogue - Tone,Practice 1,,,,
2nd Grade: ELA,Reading Literature,Dialogue & Perspective,Dialogue - Tone,Basic,,,,
2nd Grade: ELA,Reading Literature,Dialogue & Perspective,Points of View,Main,,,,
2nd Grade: ELA,Reading Literature,Dialogue & Perspective,Points of View,Practice 1,,,,
2nd Grade: ELA,Reading Literature,Dialogue & Perspective,Points of View,Basic,,,,
2nd Grade: ELA,Reading Literature,Early Readers,That Won't Float,Direct,,,,
2nd Grade: ELA,Reading Literature,Early Readers,To Be A Mermaid,Direct,,,,
2nd Grade: ELA,Reading Literature,Early Readers,Team Leader,Direct,,,,
2nd Grade: ELA,Reading Literature,Early Readers,So New,Direct,,,,
2nd Grade: ELA,Reading Literature,Early Readers,Stargazing,Direct,,,,
2nd Grade: ELA,Reading Literature,Early Readers,The Sleepover,Direct,,,,
2nd Grade: ELA,Reading Literature,Early Readers,The Story Club,Direct,,,,
2nd Grade: ELA,Reading Literature,Early Readers,One More Clue,Direct,,,,
2nd Grade: ELA,Reading Literature,Early Readers,At the Orchard,Direct,,,,
2nd Grade: ELA,Reading Literature,Early Readers,The Treehouse,Direct,,,,
2nd Grade: ELA,Reading Literature,Early Readers,Space Rocks,Direct,,,,
2nd Grade: ELA,Reading Literature,Early Readers,The Best,Direct,,,,
2nd Grade: ELA,Reading Literature,Early Readers,The New Class,Direct,,,,
2nd Grade: ELA,Reading Literature,Early Readers,Very Puzzling,Direct,,,,
2nd Grade: ELA,Reading Literature,Early Readers,The Recipe,Direct,,,,
2nd Grade: ELA,Reading Literature,Early Readers,Dinosaur Day,Direct,,,,
2nd Grade: ELA,Reading Literature,Early Readers,Good Energy,Direct,,,,
2nd Grade: ELA,Reading Literature,Early Readers,The Painting,Direct,,,,
2nd Grade: ELA,Reading Literature,Early Readers,So Different,Direct,,,,
2nd Grade: ELA,Reading Literature,Early Readers,Gone Kayaking,Direct,,,,
2nd Grade: ELA,Reading Literature,Early Readers,Name Day,Direct,,,,
2nd Grade: ELA,Reading Literature,Early Readers,Sounds All Around,Direct,,,,
2nd Grade: ELA,Reading Literature,Early Readers,At The Game,Direct,,,,
2nd Grade: ELA,Reading Literature,Early Readers,In The Attic,Direct,,,,
2nd Grade: ELA,Reading Literature,Early Readers,Makerspace,Direct,,,,
2nd Grade: ELA,Reading Literature,Stories with Lessons,Feel Better,Direct,,,,
2nd Grade: ELA,Reading Literature,Stories with Lessons,A Helping Hand,Direct,,,,
2nd Grade: ELA,Reading Literature,Stories with Lessons,While You're Away,Direct,,,,
2nd Grade: ELA,Reading Literature,Stories with Lessons,I'll Go First,Direct,,,,
2nd Grade: ELA,Reading Literature,Stories with Lessons,Keep It Down,Direct,,,,
2nd Grade: ELA,Reading Literature,Stories with Lessons,Into the Night,Direct,,,,
2nd Grade: ELA,Reading Literature,Stories with Lessons,Face to Face,Direct,,,,
2nd Grade: ELA,Reading Literature,Stories with Lessons,On Vacation,Direct,,,,
2nd Grade: ELA,Reading Literature,Stories with Lessons,Got to Be Me,Direct,,,,
2nd Grade: ELA,Reading Literature,Stories with Lessons,A New Addition,Direct,,,,
2nd Grade: ELA,Reading Literature,Stories with Lessons,The Finish Line,Direct,,,,
2nd Grade: ELA,Reading Literature,Stories with Lessons,Out of Orbit,Direct,,,,
2nd Grade: ELA,Reading Literature,Stories with Lessons,Starting School,Direct,,,,
2nd Grade: ELA,Reading Literature,Stories with Lessons,Flower Friends,Direct,,,,
2nd Grade: ELA,Reading Literature,Stories with Lessons,Guppy's Treasure,Direct,,,,
2nd Grade: ELA,Reading Literature,Stories with People,Calming Down,Direct,,,,
2nd Grade: ELA,Reading Literature,Stories with People,Big Kids Can Cry,Direct,,,,
2nd Grade: ELA,Reading Literature,Stories with People,Let's Play,Direct,,,,
2nd Grade: ELA,Reading Literature,Stories with People,Wait For It,Direct,,,,
2nd Grade: ELA,Reading Literature,Stories with People,Just Ask,Direct,,,,
2nd Grade: ELA,Reading Literature,Stories with People,Skin Colors,Direct,,,,
2nd Grade: ELA,Reading Literature,Stories with People,Catching Bugs,Direct,,,,
2nd Grade: ELA,Reading Literature,Stories with People,Different Not Weird,Direct,,,,
2nd Grade: ELA,Reading Literature,Stories with People,Pranking Problems,Direct,,,,
2nd Grade: ELA,Reading Literature,Stories with People,A Problem at Night,Direct,,,,
2nd Grade: ELA,Reading Literature,Stories with People,Bonjou,Direct,,,,
2nd Grade: ELA,Reading Literature,Stories with People,Trading Lunches,Direct,,,,
2nd Grade: ELA,Reading Literature,Stories with People,Give It a Try,Direct,,,,
2nd Grade: ELA,Reading Literature,Stories with People,Save It Or Spend It,Direct,,,,
2nd Grade: ELA,Reading Literature,Stories with People,Something Warm,Direct,,,,
2nd Grade: ELA,Reading Literature,Stories with People,Friendship Takes Time,Direct,,,,
2nd Grade: ELA,Reading Literature,Stories with People,Pink Is For Everyone,Direct,,,,
2nd Grade: ELA,Reading Literature,Stories with People,Star of the Show,Direct,,,,
2nd Grade: ELA,Reading Literature,Stories with People,That's Not Fair,Direct,,,,
2nd Grade: ELA,Reading Informational Text,Non-Fiction,Velociraptor,Direct,,,,
2nd Grade: ELA,Reading Informational Text,Non-Fiction,Wetland,Direct,,,,
2nd Grade: ELA,Reading Informational Text,Non-Fiction,Asia,Direct,,,,
2nd Grade: ELA,Reading Informational Text,Non-Fiction,Ankylosaurus,Direct,,,,
2nd Grade: ELA,Reading Informational Text,Non-Fiction,Tundra,Direct,,,,
2nd Grade: ELA,Reading Informational Text,Non-Fiction,Antarctica,Direct,,,,
2nd Grade: ELA,Reading Informational Text,Non-Fiction,Triceratops,Direct,,,,
2nd Grade: ELA,Reading Informational Text,Non-Fiction,Australia,Direct,,,,
2nd Grade: ELA,Reading Informational Text,Non-Fiction,Tyrannosaurus Rex,Direct,,,,
2nd Grade: ELA,Reading Informational Text,Non-Fiction,Grassland,Direct,,,,
2nd Grade: ELA,Reading Informational Text,Non-Fiction,Africa,Direct,,,,
2nd Grade: ELA,Reading Informational Text,Non-Fiction,Great White Sharks,Direct,,,,
2nd Grade: ELA,Reading Informational Text,Non-Fiction,South America,Direct,,,,
2nd Grade: ELA,Reading Informational Text,Non-Fiction,Diplodocus,Direct,,,,
2nd Grade: ELA,Reading Informational Text,Non-Fiction,North America,Direct,,,,
2nd Grade: ELA,Reading Informational Text,Non-Fiction,Humpback Whales,Direct,,,,
2nd Grade: ELA,Reading Informational Text,Non-Fiction,Stegosaurus,Direct,,,,
2nd Grade: ELA,Reading Informational Text,Non-Fiction,Europe,Direct,,,,
2nd Grade: ELA,Reading Informational Text,National Geographic Explorer,Compost,Direct,,,,
2nd Grade: ELA,Reading Informational Text,National Geographic Explorer,In the Rainforest,Direct,,,,
2nd Grade: ELA,Reading Informational Text,National Geographic Explorer,Wildflowers,Direct,,,,
2nd Grade: ELA,Reading Informational Text,National Geographic Explorer,Saving Sloths,Direct,,,,
2nd Grade: ELA,Reading Informational Text,National Geographic Explorer,Extreme Ice,Direct,,,,
2nd Grade: ELA,Reading Informational Text,National Geographic Explorer,Wild Land,Direct,,,,
2nd Grade: ELA,Reading Informational Text,National Geographic Explorer,Weather,Direct,,,,
2nd Grade: ELA,Reading Informational Text,National Geographic Explorer,Exploring Energy,Direct,,,,
